ethnicity,locus,allele,frequency,n_alleles
Chinese,DQB1,03:01,0.22870495495495496,88800
Chinese,DQB1,03:03,0.15441441441441442,88800
Chinese,DQB1,06:01,0.11507882882882883,88800
Chinese,DQB1,02:01,0.10949324324324325,88800
Chinese,DQB1,05:02,0.0968581081081081,88800
Chinese,DQB1,03:02,0.07846846846846847,88800
Chinese,DQB1,04:01,0.061204954954954954,88800
Chinese,DQB1,05:03,0.04114864864864865,88800
Chinese,DQB1,06:02,0.03557432432432432,88800
Chinese,DQB1,05:01,0.029853603603603604,88800
Chinese,DQB1,06:09,0.022488738738738738,88800
Chinese,DQB1,04:02,0.015326576576576576,88800
Chinese,DQB1,06:03,0.004740990990990991,88800
Chinese,DQB1,06:10,0.002837837837837838,88800
Chinese,DQB1,06:04,0.002331081081081081,88800
Chinese,DQB1,03:13,0.0005518018018018018,88800
Chinese,DQB1,03:05,0.00012387387387387388,88800
Chinese,DQB1,03:17,0.00010135135135135135,88800
Chinese,DQB1,03:26,9.009009009009009e-05,88800
Chinese,DQB1,02:02,5.630630630630631e-05,88800
Chinese,DQB1,-:,5.630630630630631e-05,88800
Chinese,DQB1,03:CVDNR,4.5045045045045046e-05,88800
Chinese,DQB1,03:34,3.3783783783783784e-05,88800
Chinese,DQB1,03:10,3.3783783783783784e-05,88800
Chinese,DQB1,03:CAVTC,3.3783783783783784e-05,88800
Chinese,DQB1,06:118,3.3783783783783784e-05,88800
Chinese,DQB1,05:04,3.3783783783783784e-05,88800
Chinese,DQB1,03:04,2.2522522522522523e-05,88800
Chinese,DQB1,03:BMSUA,2.2522522522522523e-05,88800
Chinese,DQB1,03:258,2.2522522522522523e-05,88800
Chinese,DQB1,06:BYFKE,2.2522522522522523e-05,88800
Chinese,DQB1,06:CAVTF,2.2522522522522523e-05,88800
Chinese,DQB1,02:75,1.1261261261261261e-05,88800
Chinese,DQB1,03:57,1.1261261261261261e-05,88800
Chinese,DQB1,03:108,1.1261261261261261e-05,88800
Chinese,DQB1,06:74,1.1261261261261261e-05,88800
Chinese,DQB1,03:CAVTB,1.1261261261261261e-05,88800
Chinese,DQB1,04:CETHX,1.1261261261261261e-05,88800
Chinese,DQB1,04:CEKBY,1.1261261261261261e-05,88800
Chinese,DQB1,06:07,1.1261261261261261e-05,88800
Chinese,DQB1,05:116,1.1261261261261261e-05,88800
Chinese,DQB1,06:214,1.1261261261261261e-05,88800
Chinese,DQB1,03:274,1.1261261261261261e-05,88800
Chinese,DQB1,06:174,1.1261261261261261e-05,88800
Chinese,DQB1,06:48,1.1261261261261261e-05,88800
Chinese,DQB1,05:66,1.1261261261261261e-05,88800
Chinese,DQB1,05:CEKCA,1.1261261261261261e-05,88800
Chinese,DRB1,09:01,0.14956081081081082,88800
Chinese,DRB1,12:02,0.11109234234234235,88800
Chinese,DRB1,15:01,0.08604729729729729,88800
Chinese,DRB1,03:01,0.08275900900900901,88800
Chinese,DRB1,11:01,0.07507882882882883,88800
Chinese,DRB1,08:03,0.07399774774774774,88800
Chinese,DRB1,04:05,0.06855855855855855,88800
Chinese,DRB1,16:02,0.04891891891891892,88800
Chinese,DRB1,12:01,0.035405405405405405,88800
Chinese,DRB1,14:01,0.03477477477477477,88800
Chinese,DRB1,04:06,0.030810810810810812,88800
Chinese,DRB1,07:01,0.030202702702702703,88800
Chinese,DRB1,04:03,0.029842342342342343,88800
Chinese,DRB1,15:02,0.027702702702702704,88800
Chinese,DRB1,13:02,0.02492117117117117,88800
Chinese,DRB1,14:05,0.020653153153153154,88800
Chinese,DRB1,10:01,0.012567567567567568,88800
Chinese,DRB1,04:04,0.009335585585585586,88800
Chinese,DRB1,08:09,0.006925675675675676,88800
Chinese,DRB1,13:12,0.005867117117117117,88800
Chinese,DRB1,08:02,0.005349099099099099,88800
Chinese,DRB1,13:01,0.00463963963963964,88800
Chinese,DRB1,14:04,0.004436936936936937,88800
Chinese,DRB1,01:01,0.0043355855855855855,88800
Chinese,DRB1,04:01,0.002972972972972973,88800
Chinese,DRB1,11:06,0.0019369369369369369,88800
Chinese,DRB1,14:03,0.0018355855855855855,88800
Chinese,DRB1,04:10,0.001813063063063063,88800
Chinese,DRB1,14:18,0.0017567567567567568,88800
Chinese,DRB1,11:04,0.001418918918918919,88800
Chinese,DRB1,14:07,0.0005292792792792793,88800
Chinese,DRB1,16:01,0.00033783783783783786,88800
Chinese,DRB1,13:07,0.0003153153153153153,88800
Chinese,DRB1,04:07,0.00030405405405405404,88800
Chinese,DRB1,04:02,0.000259009009009009,88800
Chinese,DRB1,14:54,0.00022522522522522523,88800
Chinese,DRB1,15:04,0.00019144144144144144,88800
Chinese,DRB1,04:08,0.00018018018018018018,88800
Chinese,DRB1,14:10,0.00015765765765765765,88800
Chinese,DRB1,01:02,0.0001463963963963964,88800
Chinese,DRB1,09:04,0.00011261261261261261,88800
Chinese,DRB1,14:25,0.00011261261261261261,88800
Chinese,DRB1,11:03,0.00010135135135135135,88800
Chinese,DRB1,14:02,9.009009009009009e-05,88800
Chinese,DRB1,14:12,9.009009009009009e-05,88800
Chinese,DRB1,13:50,7.882882882882882e-05,88800
Chinese,DRB1,08:04,7.882882882882882e-05,88800
Chinese,DRB1,08:01,6.756756756756757e-05,88800
Chinese,DRB1,11:05,5.630630630630631e-05,88800
Chinese,DRB1,03:05,4.5045045045045046e-05,88800
Chinese,DRB1,13:05,4.5045045045045046e-05,88800
Chinese,DRB1,16:35,4.5045045045045046e-05,88800
Chinese,DRB1,09:DZUU,3.3783783783783784e-05,88800
Chinese,DRB1,12:08,3.3783783783783784e-05,88800
Chinese,DRB1,14:15,3.3783783783783784e-05,88800
Chinese,DRB1,13:03,3.3783783783783784e-05,88800
Chinese,DRB1,15:ADHVT,3.3783783783783784e-05,88800
Chinese,DRB1,08:35,2.2522522522522523e-05,88800
Chinese,DRB1,11:45,2.2522522522522523e-05,88800
Chinese,DRB1,04:80,2.2522522522522523e-05,88800
Chinese,DRB1,11:37,2.2522522522522523e-05,88800
Chinese,DRB1,08:14,2.2522522522522523e-05,88800
Chinese,DRB1,12:BZEBD,2.2522522522522523e-05,88800
Chinese,DRB1,15:06,2.2522522522522523e-05,88800
Chinese,DRB1,04:95,2.2522522522522523e-05,88800
Chinese,DRB1,11:54,2.2522522522522523e-05,88800
Chinese,DRB1,13:19,2.2522522522522523e-05,88800
Chinese,DRB1,15:03,2.2522522522522523e-05,88800
Chinese,DRB1,14:61,2.2522522522522523e-05,88800
Chinese,DRB1,14:84,2.2522522522522523e-05,88800
Chinese,DRB1,12:20,2.2522522522522523e-05,88800
Chinese,DRB1,11:106,1.1261261261261261e-05,88800
Chinese,DRB1,14:06,1.1261261261261261e-05,88800
Chinese,DRB1,03:133,1.1261261261261261e-05,88800
Chinese,DRB1,08:32,1.1261261261261261e-05,88800
Chinese,DRB1,03:37,1.1261261261261261e-05,88800
Chinese,DRB1,08:12,1.1261261261261261e-05,88800
Chinese,DRB1,03:27,1.1261261261261261e-05,88800
Chinese,DRB1,04:09,1.1261261261261261e-05,88800
Chinese,DRB1,03:06,1.1261261261261261e-05,88800
Chinese,DRB1,07:13,1.1261261261261261e-05,88800
Chinese,DRB1,04:183,1.1261261261261261e-05,88800
Chinese,DRB1,03:33,1.1261261261261261e-05,88800
Chinese,DRB1,04:AFZJW,1.1261261261261261e-05,88800
Chinese,DRB1,08:FTZK,1.1261261261261261e-05,88800
Chinese,DRB1,08:30,1.1261261261261261e-05,88800
Chinese,DRB1,14:44,1.1261261261261261e-05,88800
Chinese,DRB1,16:10,1.1261261261261261e-05,88800
Chinese,DRB1,15:11,1.1261261261261261e-05,88800
Chinese,DRB1,12:27,1.1261261261261261e-05,88800
Chinese,DRB1,15:14,1.1261261261261261e-05,88800
Chinese,DRB1,08:19,1.1261261261261261e-05,88800
Chinese,DRB1,11:19,1.1261261261261261e-05,88800
Chinese,DRB1,13:228,1.1261261261261261e-05,88800
Chinese,DRB1,12:64,1.1261261261261261e-05,88800
Chinese,DRB1,13:13,1.1261261261261261e-05,88800
Chinese,DRB1,13:51,1.1261261261261261e-05,88800
Chinese,DRB1,14:197N,1.1261261261261261e-05,88800
Chinese,DRB1,13:14,1.1261261261261261e-05,88800
Chinese,DRB1,13:118,1.1261261261261261e-05,88800
Chinese,DRB1,11:08,1.1261261261261261e-05,88800
Chinese,DRB1,12:19,1.1261261261261261e-05,88800
Chinese,DRB1,14:100,1.1261261261261261e-05,88800
Chinese,DRB1,12:62,1.1261261261261261e-05,88800
Chinese,DRB1,12:JV,1.1261261261261261e-05,88800
Chinese,DRB1,15:BFBXD,1.1261261261261261e-05,88800
Chinese,DRB1,~:,1.1261261261261261e-05,88800
Chinese,DRB1,15:07,1.1261261261261261e-05,88800
Chinese,DRB1,14:CEKCY,1.1261261261261261e-05,88800
Chinese,HLA-A,11:01,0.28260135135135134,88800
Chinese,HLA-A,24:02,0.15282657657657658,88800
Chinese,HLA-A,33:03,0.1193918918918919,88800
Chinese,HLA-A,02:07,0.10602477477477477,88800
Chinese,HLA-A,02:01,0.09457207207207208,88800
Chinese,HLA-A,02:03,0.06699324324324324,88800
Chinese,HLA-A,11:02,0.04787162162162162,88800
Chinese,HLA-A,02:06,0.028333333333333332,88800
Chinese,HLA-A,26:01,0.023536036036036035,88800
Chinese,HLA-A,31:01,0.019200450450450452,88800
Chinese,HLA-A,30:01,0.01570945945945946,88800
Chinese,HLA-A,01:01,0.006768018018018018,88800
Chinese,HLA-A,03:01,0.006407657657657657,88800
Chinese,HLA-A,24:07,0.005709459459459459,88800
Chinese,HLA-A,29:01,0.004515765765765766,88800
Chinese,HLA-A,32:01,0.0036486486486486487,88800
Chinese,HLA-A,24:10,0.0027815315315315317,88800
Chinese,HLA-A,34:01,0.0021846846846846845,88800
Chinese,HLA-A,68:01,0.0019481981981981982,88800
Chinese,HLA-A,74:01,0.0014977477477477478,88800
Chinese,HLA-A,24:03,0.0013963963963963964,88800
Chinese,HLA-A,24:20,0.0013513513513513514,88800
Chinese,HLA-A,02:10,0.0006081081081081081,88800
Chinese,HLA-A,23:01,0.0005518018018018018,88800
Chinese,HLA-A,02:05,0.00039414414414414413,88800
Chinese,HLA-A,02:11,0.0003490990990990991,88800
Chinese,HLA-A,03:02,0.0002027027027027027,88800
Chinese,HLA-A,29:02,0.0002027027027027027,88800
Chinese,HLA-A,33:01,0.00016891891891891893,88800
Chinese,HLA-A,02:53N,0.00016891891891891893,88800
Chinese,HLA-A,66:01,0.00015765765765765765,88800
Chinese,HLA-A,24:64,0.0001463963963963964,88800
Chinese,HLA-A,24:08,0.00013513513513513514,88800
Chinese,HLA-A,01:03,0.00012387387387387388,88800
Chinese,HLA-A,69:01,0.00011261261261261261,88800
Chinese,HLA-A,74:05,0.00010135135135135135,88800
Chinese,HLA-A,30:04,6.756756756756757e-05,88800
Chinese,HLA-A,68:02,6.756756756756757e-05,88800
Chinese,HLA-A,11:03,5.630630630630631e-05,88800
Chinese,HLA-A,24:CHJZX,5.630630630630631e-05,88800
Chinese,HLA-A,26:03,5.630630630630631e-05,88800
Chinese,HLA-A,26:50,5.630630630630631e-05,88800
Chinese,HLA-A,02:28,4.5045045045045046e-05,88800
Chinese,HLA-A,24:68,4.5045045045045046e-05,88800
Chinese,HLA-A,11:04,4.5045045045045046e-05,88800
Chinese,HLA-A,30:02,4.5045045045045046e-05,88800
Chinese,HLA-A,26:35,4.5045045045045046e-05,88800
Chinese,HLA-A,02:46,3.3783783783783784e-05,88800
Chinese,HLA-A,24:05,3.3783783783783784e-05,88800
Chinese,HLA-A,31:13,3.3783783783783784e-05,88800
Chinese,HLA-A,33:CAUVS,3.3783783783783784e-05,88800
Chinese,HLA-A,02:48,2.2522522522522523e-05,88800
Chinese,HLA-A,24:194,2.2522522522522523e-05,88800
Chinese,HLA-A,03:12,2.2522522522522523e-05,88800
Chinese,HLA-A,11:56,2.2522522522522523e-05,88800
Chinese,HLA-A,11:41,2.2522522522522523e-05,88800
Chinese,HLA-A,02:CHJZW,2.2522522522522523e-05,88800
Chinese,HLA-A,02:53,2.2522522522522523e-05,88800
Chinese,HLA-A,24:128,2.2522522522522523e-05,88800
Chinese,HLA-A,30:16,2.2522522522522523e-05,88800
Chinese,HLA-A,26:46,2.2522522522522523e-05,88800
Chinese,HLA-A,25:01,2.2522522522522523e-05,88800
Chinese,HLA-A,24:04,2.2522522522522523e-05,88800
Chinese,HLA-A,23:26,1.1261261261261261e-05,88800
Chinese,HLA-A,02:56,1.1261261261261261e-05,88800
Chinese,HLA-A,02:116,1.1261261261261261e-05,88800
Chinese,HLA-A,24:17,1.1261261261261261e-05,88800
Chinese,HLA-A,02:715N,1.1261261261261261e-05,88800
Chinese,HLA-A,02:611,1.1261261261261261e-05,88800
Chinese,HLA-A,02:16,1.1261261261261261e-05,88800
Chinese,HLA-A,11:CKYAB,1.1261261261261261e-05,88800
Chinese,HLA-A,02:CAVH,1.1261261261261261e-05,88800
Chinese,HLA-A,11:CWKWR,1.1261261261261261e-05,88800
Chinese,HLA-A,24:CAVJJ,1.1261261261261261e-05,88800
Chinese,HLA-A,31:CVHTM,1.1261261261261261e-05,88800
Chinese,HLA-A,24:255,1.1261261261261261e-05,88800
Chinese,HLA-A,11:85,1.1261261261261261e-05,88800
Chinese,HLA-A,24:85,1.1261261261261261e-05,88800
Chinese,HLA-A,24:151,1.1261261261261261e-05,88800
Chinese,HLA-A,34:05,1.1261261261261261e-05,88800
Chinese,HLA-A,24:121,1.1261261261261261e-05,88800
Chinese,HLA-A,24:30,1.1261261261261261e-05,88800
Chinese,HLA-A,30:18,1.1261261261261261e-05,88800
Chinese,HLA-A,68:24,1.1261261261261261e-05,88800
Chinese,HLA-A,11:242,1.1261261261261261e-05,88800
Chinese,HLA-A,24:59,1.1261261261261261e-05,88800
Chinese,HLA-A,33:AUTWN,1.1261261261261261e-05,88800
Chinese,HLA-A,11:CAVJD,1.1261261261261261e-05,88800
Chinese,HLA-A,33:XX,1.1261261261261261e-05,88800
Chinese,HLA-A,24:XX,1.1261261261261261e-05,88800
Chinese,HLA-A,11:CVHTA,1.1261261261261261e-05,88800
Chinese,HLA-B,40:01,0.19149774774774775,88800
Chinese,HLA-B,46:01,0.12906531531531532,88800
Chinese,HLA-B,58:01,0.10984234234234234,88800
Chinese,HLA-B,13:01,0.06879504504504505,88800
Chinese,HLA-B,15:02,0.059144144144144144,88800
Chinese,HLA-B,51:01,0.044155405405405405,88800
Chinese,HLA-B,38:02,0.04224099099099099,88800
Chinese,HLA-B,15:01,0.035405405405405405,88800
Chinese,HLA-B,54:01,0.03188063063063063,88800
Chinese,HLA-B,55:02,0.029740990990990993,88800
Chinese,HLA-B,27:04,0.025731981981981983,88800
Chinese,HLA-B,35:01,0.022105855855855856,88800
Chinese,HLA-B,39:01,0.021283783783783785,88800
Chinese,HLA-B,13:02,0.017015765765765765,88800
Chinese,HLA-B,40:02,0.015394144144144145,88800
Chinese,HLA-B,51:02,0.013648648648648648,88800
Chinese,HLA-B,40:06,0.0109009009009009,88800
Chinese,HLA-B,48:01,0.009650900900900901,88800
Chinese,HLA-B,52:01,0.009391891891891891,88800
Chinese,HLA-B,15:27,0.008310810810810811,88800
Chinese,HLA-B,44:03,0.007477477477477477,88800
Chinese,HLA-B,15:25,0.006711711711711712,88800
Chinese,HLA-B,56:01,0.006655405405405405,88800
Chinese,HLA-B,15:11,0.005934684684684685,88800
Chinese,HLA-B,07:05,0.0059121621621621625,88800
Chinese,HLA-B,15:18,0.00572072072072072,88800
Chinese,HLA-B,35:05,0.005078828828828829,88800
Chinese,HLA-B,35:03,0.004988738738738739,88800
Chinese,HLA-B,15:12,0.004481981981981982,88800
Chinese,HLA-B,37:01,0.003975225225225225,88800
Chinese,HLA-B,48:03,0.0032094594594594596,88800
Chinese,HLA-B,18:01,0.0029054054054054052,88800
Chinese,HLA-B,67:01,0.0029054054054054052,88800
Chinese,HLA-B,08:01,0.002635135135135135,88800
Chinese,HLA-B,18:02,0.0023873873873873873,88800
Chinese,HLA-B,07:02,0.002331081081081081,88800
Chinese,HLA-B,57:01,0.00231981981981982,88800
Chinese,HLA-B,56:03,0.00231981981981982,88800
Chinese,HLA-B,44:02,0.002060810810810811,88800
Chinese,HLA-B,38:01,0.002060810810810811,88800
Chinese,HLA-B,81:01,0.0016554054054054054,88800
Chinese,HLA-B,15:13,0.0014076576576576576,88800
Chinese,HLA-B,56:04,0.0014076576576576576,88800
Chinese,HLA-B,39:05,0.001385135135135135,88800
Chinese,HLA-B,15:21,0.0013513513513513514,88800
Chinese,HLA-B,51:07,0.001328828828828829,88800
Chinese,HLA-B,27:05,0.0011486486486486486,88800
Chinese,HLA-B,27:06,0.0011261261261261261,88800
Chinese,HLA-B,50:01,0.001036036036036036,88800
Chinese,HLA-B,40:03,0.0008445945945945946,88800
Chinese,HLA-B,39:09,0.0007995495495495495,88800
Chinese,HLA-B,55:04,0.0007545045045045045,88800
Chinese,HLA-B,45:01,0.0007432432432432432,88800
Chinese,HLA-B,15:07,0.0007094594594594595,88800
Chinese,HLA-B,35:02,0.0005405405405405405,88800
Chinese,HLA-B,55:01,0.000518018018018018,88800
Chinese,HLA-B,15:35,0.0004842342342342342,88800
Chinese,HLA-B,15:03,0.0004617117117117117,88800
Chinese,HLA-B,55:12,0.0003716216216216216,88800
Chinese,HLA-B,27:07,0.00036036036036036037,88800
Chinese,HLA-B,15:17,0.0003490990990990991,88800
Chinese,HLA-B,15:32,0.0002927927927927928,88800
Chinese,HLA-B,15:58,0.0002702702702702703,88800
Chinese,HLA-B,35:30,0.00018018018018018018,88800
Chinese,HLA-B,14:02,0.00015765765765765765,88800
Chinese,HLA-B,51:06,0.0001463963963963964,88800
Chinese,HLA-B,39:15,0.0001463963963963964,88800
Chinese,HLA-B,35:08,0.00013513513513513514,88800
Chinese,HLA-B,27:15,0.00013513513513513514,88800
Chinese,HLA-B,41:01,0.00013513513513513514,88800
Chinese,HLA-B,15:05,0.00012387387387387388,88800
Chinese,HLA-B,15:46,0.00012387387387387388,88800
Chinese,HLA-B,49:01,0.00012387387387387388,88800
Chinese,HLA-B,40:48,0.00010135135135135135,88800
Chinese,HLA-B,40:40,0.00010135135135135135,88800
Chinese,HLA-B,15:08,0.00010135135135135135,88800
Chinese,HLA-B,56:10,0.00010135135135135135,88800
Chinese,HLA-B,53:01,9.009009009009009e-05,88800
Chinese,HLA-B,55:07,9.009009009009009e-05,88800
Chinese,HLA-B,15:10,7.882882882882882e-05,88800
Chinese,HLA-B,35:11,5.630630630630631e-05,88800
Chinese,HLA-B,59:01,5.630630630630631e-05,88800
Chinese,HLA-B,15:06,4.5045045045045046e-05,88800
Chinese,HLA-B,15:88,4.5045045045045046e-05,88800
Chinese,HLA-B,40:76,4.5045045045045046e-05,88800
Chinese,HLA-B,40:CWKWX,4.5045045045045046e-05,88800
Chinese,HLA-B,40:10,3.3783783783783784e-05,88800
Chinese,HLA-B,15:66,3.3783783783783784e-05,88800
Chinese,HLA-B,39:36,3.3783783783783784e-05,88800
Chinese,HLA-B,48:04,3.3783783783783784e-05,88800
Chinese,HLA-B,58:74,3.3783783783783784e-05,88800
Chinese,HLA-B,40:62,2.2522522522522523e-05,88800
Chinese,HLA-B,35:51,2.2522522522522523e-05,88800
Chinese,HLA-B,41:02,2.2522522522522523e-05,88800
Chinese,HLA-B,37:04,2.2522522522522523e-05,88800
Chinese,HLA-B,07:249,2.2522522522522523e-05,88800
Chinese,HLA-B,15:325,2.2522522522522523e-05,88800
Chinese,HLA-B,15:15,2.2522522522522523e-05,88800
Chinese,HLA-B,38:15,2.2522522522522523e-05,88800
Chinese,HLA-B,27:02,2.2522522522522523e-05,88800
Chinese,HLA-B,51:08,2.2522522522522523e-05,88800
Chinese,HLA-B,39:38Q,2.2522522522522523e-05,88800
Chinese,HLA-B,15:XX,2.2522522522522523e-05,88800
Chinese,HLA-B,73:01,2.2522522522522523e-05,88800
Chinese,HLA-B,58:85,2.2522522522522523e-05,88800
Chinese,HLA-B,15:425,2.2522522522522523e-05,88800
Chinese,HLA-B,13:06,1.1261261261261261e-05,88800
Chinese,HLA-B,27:86,1.1261261261261261e-05,88800
Chinese,HLA-B,40:69,1.1261261261261261e-05,88800
Chinese,HLA-B,51:36,1.1261261261261261e-05,88800
Chinese,HLA-B,39:10,1.1261261261261261e-05,88800
Chinese,HLA-B,57:02,1.1261261261261261e-05,88800
Chinese,HLA-B,39:02,1.1261261261261261e-05,88800
Chinese,HLA-B,27:21,1.1261261261261261e-05,88800
Chinese,HLA-B,07:317,1.1261261261261261e-05,88800
Chinese,HLA-B,15:109,1.1261261261261261e-05,88800
Chinese,HLA-B,35:375,1.1261261261261261e-05,88800
Chinese,HLA-B,15:39,1.1261261261261261e-05,88800
Chinese,HLA-B,39:06,1.1261261261261261e-05,88800
Chinese,HLA-B,07:10,1.1261261261261261e-05,88800
Chinese,HLA-B,15:86,1.1261261261261261e-05,88800
Chinese,HLA-B,07:18,1.1261261261261261e-05,88800
Chinese,HLA-B,51:AJPSD,1.1261261261261261e-05,88800
Chinese,HLA-B,35:CAVME,1.1261261261261261e-05,88800
Chinese,HLA-B,15:316,1.1261261261261261e-05,88800
Chinese,HLA-B,35:137,1.1261261261261261e-05,88800
Chinese,HLA-B,07:CEJTV,1.1261261261261261e-05,88800
Chinese,HLA-B,35:CVHTV,1.1261261261261261e-05,88800
Chinese,HLA-B,15:29,1.1261261261261261e-05,88800
Chinese,HLA-B,40:122,1.1261261261261261e-05,88800
Chinese,HLA-B,58:02,1.1261261261261261e-05,88800
Chinese,HLA-B,54:10,1.1261261261261261e-05,88800
Chinese,HLA-B,40:339,1.1261261261261261e-05,88800
Chinese,HLA-B,54:36,1.1261261261261261e-05,88800
Chinese,HLA-B,15:64,1.1261261261261261e-05,88800
Chinese,HLA-B,55:34,1.1261261261261261e-05,88800
Chinese,HLA-B,58:41,1.1261261261261261e-05,88800
Chinese,HLA-B,14:01,1.1261261261261261e-05,88800
Chinese,HLA-B,59:08,1.1261261261261261e-05,88800
Chinese,HLA-B,27:18,1.1261261261261261e-05,88800
Chinese,HLA-B,46:62,1.1261261261261261e-05,88800
Chinese,HLA-B,51:39,1.1261261261261261e-05,88800
Chinese,HLA-B,40:78,1.1261261261261261e-05,88800
Chinese,HLA-B,40:306,1.1261261261261261e-05,88800
Chinese,HLA-B,15:141,1.1261261261261261e-05,88800
Chinese,HLA-B,15:CAVKW,1.1261261261261261e-05,88800
Chinese,HLA-B,46:43,1.1261261261261261e-05,88800
Chinese,HLA-B,40:CAVMH,1.1261261261261261e-05,88800
Chinese,HLA-B,51:AXDBR,1.1261261261261261e-05,88800
Chinese,HLA-B,58:CAVMX,1.1261261261261261e-05,88800
Chinese,HLA-B,40:CMVGM,1.1261261261261261e-05,88800
Chinese,HLA-C,07:02,0.19949324324324325,88800
Chinese,HLA-C,01:02,0.18221846846846848,88800
Chinese,HLA-C,03:04,0.12574324324324324,88800
Chinese,HLA-C,03:02,0.110259009009009,88800
Chinese,HLA-C,08:01,0.08859234234234234,88800
Chinese,HLA-C,04:01,0.04623873873873874,88800
Chinese,HLA-C,03:03,0.04418918918918919,88800
Chinese,HLA-C,15:02,0.03845720720720721,88800
Chinese,HLA-C,12:02,0.03640765765765766,88800
Chinese,HLA-C,14:02,0.03618243243243243,88800
Chinese,HLA-C,06:02,0.024797297297297297,88800
Chinese,HLA-C,04:03,0.017376126126126126,88800
Chinese,HLA-C,12:03,0.012961711711711711,88800
Chinese,HLA-C,07:04,0.008581081081081082,88800
Chinese,HLA-C,07:01,0.006182432432432433,88800
Chinese,HLA-C,15:05,0.004268018018018018,88800
Chinese,HLA-C,01:03,0.003997747747747748,88800
Chinese,HLA-C,08:03,0.002961711711711712,88800
Chinese,HLA-C,05:01,0.0017567567567567568,88800
Chinese,HLA-C,14:03,0.0014752252252252251,88800
Chinese,HLA-C,02:02,0.0012837837837837837,88800
Chinese,HLA-C,16:02,0.00115990990990991,88800
Chinese,HLA-C,01:08,0.001081081081081081,88800
Chinese,HLA-C,03:17,0.0005292792792792793,88800
Chinese,HLA-C,01:06,0.00039414414414414413,88800
Chinese,HLA-C,04:06,0.00033783783783783786,88800
Chinese,HLA-C,16:04,0.0003265765765765766,88800
Chinese,HLA-C,03:21,0.00022522522522522523,88800
Chinese,HLA-C,07:27,0.00019144144144144144,88800
Chinese,HLA-C,07:56,0.00019144144144144144,88800
Chinese,HLA-C,03:36,0.00016891891891891893,88800
Chinese,HLA-C,07:43,0.00016891891891891893,88800
Chinese,HLA-C,08:02,0.00016891891891891893,88800
Chinese,HLA-C,03:85,0.0001463963963963964,88800
Chinese,HLA-C,17:01,0.0001463963963963964,88800
Chinese,HLA-C,15:04,9.009009009009009e-05,88800
Chinese,HLA-C,03:187,5.630630630630631e-05,88800
Chinese,HLA-C,03:258,5.630630630630631e-05,88800
Chinese,HLA-C,14:29,5.630630630630631e-05,88800
Chinese,HLA-C,12:04,5.630630630630631e-05,88800
Chinese,HLA-C,03:CWKXH,4.5045045045045046e-05,88800
Chinese,HLA-C,03:43,3.3783783783783784e-05,88800
Chinese,HLA-C,07:393N,3.3783783783783784e-05,88800
Chinese,HLA-C,07:39,3.3783783783783784e-05,88800
Chinese,HLA-C,08:127N,3.3783783783783784e-05,88800
Chinese,HLA-C,04:JKTU,3.3783783783783784e-05,88800
Chinese,HLA-C,01:CWKXC,3.3783783783783784e-05,88800
Chinese,HLA-C,16:01,3.3783783783783784e-05,88800
Chinese,HLA-C,03:32,3.3783783783783784e-05,88800
Chinese,HLA-C,03:328,2.2522522522522523e-05,88800
Chinese,HLA-C,07:63,2.2522522522522523e-05,88800
Chinese,HLA-C,04:BEPTF,2.2522522522522523e-05,88800
Chinese,HLA-C,07:CAVPF,2.2522522522522523e-05,88800
Chinese,HLA-C,03:46,2.2522522522522523e-05,88800
Chinese,HLA-C,12:18,2.2522522522522523e-05,88800
Chinese,HLA-C,15:11,2.2522522522522523e-05,88800
Chinese,HLA-C,12:130,2.2522522522522523e-05,88800
Chinese,HLA-C,07:CWKXT,2.2522522522522523e-05,88800
Chinese,HLA-C,01:54,1.1261261261261261e-05,88800
Chinese,HLA-C,03:58,1.1261261261261261e-05,88800
Chinese,HLA-C,03:48,1.1261261261261261e-05,88800
Chinese,HLA-C,01:125,1.1261261261261261e-05,88800
Chinese,HLA-C,03:329,1.1261261261261261e-05,88800
Chinese,HLA-C,01:14,1.1261261261261261e-05,88800
Chinese,HLA-C,06:30,1.1261261261261261e-05,88800
Chinese,HLA-C,03:349,1.1261261261261261e-05,88800
Chinese,HLA-C,03:77,1.1261261261261261e-05,88800
Chinese,HLA-C,03:119,1.1261261261261261e-05,88800
Chinese,HLA-C,03:128,1.1261261261261261e-05,88800
Chinese,HLA-C,01:134,1.1261261261261261e-05,88800
Chinese,HLA-C,07:346,1.1261261261261261e-05,88800
Chinese,HLA-C,03:139,1.1261261261261261e-05,88800
Chinese,HLA-C,03:CAVNN,1.1261261261261261e-05,88800
Chinese,HLA-C,03:CAVNF,1.1261261261261261e-05,88800
Chinese,HLA-C,03:CEJXD,1.1261261261261261e-05,88800
Chinese,HLA-C,14:24,1.1261261261261261e-05,88800
Chinese,HLA-C,07:465,1.1261261261261261e-05,88800
Chinese,HLA-C,04:10,1.1261261261261261e-05,88800
Chinese,HLA-C,07:26,1.1261261261261261e-05,88800
Chinese,HLA-C,15:79,1.1261261261261261e-05,88800
Chinese,HLA-C,07:66,1.1261261261261261e-05,88800
Chinese,HLA-C,07:15,1.1261261261261261e-05,88800
Chinese,HLA-C,03:326,1.1261261261261261e-05,88800
Chinese,HLA-C,07:539,1.1261261261261261e-05,88800
Chinese,HLA-C,14:80,1.1261261261261261e-05,88800
Chinese,HLA-C,03:346,1.1261261261261261e-05,88800
Chinese,HLA-C,08:41,1.1261261261261261e-05,88800
Chinese,HLA-C,07:590,1.1261261261261261e-05,88800
Chinese,HLA-C,18:01,1.1261261261261261e-05,88800
Chinese,HLA-C,08:153,1.1261261261261261e-05,88800
Chinese,HLA-C,07:154,1.1261261261261261e-05,88800
Chinese,HLA-C,03:76,1.1261261261261261e-05,88800
Chinese,HLA-C,04:AKWXK,1.1261261261261261e-05,88800
Chinese,HLA-C,08:CAVPJ,1.1261261261261261e-05,88800
Chinese,HLA-C,07:BKSYS,1.1261261261261261e-05,88800
Chinese,HLA-C,04:CWKXJ,1.1261261261261261e-05,88800
Chinese,HLA-C,15:CWKYB,1.1261261261261261e-05,88800
Chinese,HLA-C,12:XX,1.1261261261261261e-05,88800
Chinese,HLA-C,03:XX,1.1261261261261261e-05,88800
Chinese,HLA-C,01:12,1.1261261261261261e-05,88800
Chinese,HLA-C,03:193,1.1261261261261261e-05,88800
Chinese,HLA-C,15:CZE,1.1261261261261261e-05,88800
Chinese,HLA-C,04:CVHVN,1.1261261261261261e-05,88800
Indian,DQB1,06:01,0.17249544626593807,10980
Indian,DQB1,02:01,0.15710382513661203,10980
Indian,DQB1,03:01,0.12367941712204007,10980
Indian,DQB1,03:02,0.10218579234972677,10980
Indian,DQB1,05:01,0.09872495446265939,10980
Indian,DQB1,05:03,0.09744990892531877,10980
Indian,DQB1,03:03,0.0860655737704918,10980
Indian,DQB1,06:03,0.0656648451730419,10980
Indian,DQB1,05:02,0.026320582877959926,10980
Indian,DQB1,06:02,0.018670309653916212,10980
Indian,DQB1,06:09,0.017759562841530054,10980
Indian,DQB1,04:02,0.014207650273224045,10980
Indian,DQB1,06:04,0.011748633879781421,10980
Indian,DQB1,04:01,0.002823315118397086,10980
Indian,DQB1,03:05,0.0011839708561020036,10980
Indian,DQB1,05:04,0.0010018214936247723,10980
Indian,DQB1,02:07,0.0007285974499089253,10980
Indian,DQB1,06:48,0.0006375227686703097,10980
Indian,DQB1,05:23,0.0004553734061930783,10980
Indian,DQB1,02:02,0.00036429872495446266,10980
Indian,DQB1,03:11,0.000273224043715847,10980
Indian,DQB1,03:228,9.107468123861566e-05,10980
Indian,DQB1,05:10,9.107468123861566e-05,10980
Indian,DQB1,05:115,9.107468123861566e-05,10980
Indian,DQB1,06:92,9.107468123861566e-05,10980
Indian,DQB1,-:,9.107468123861566e-05,10980
Indian,DRB1,07:01,0.17058287795992713,10980
Indian,DRB1,15:01,0.10801457194899818,10980
Indian,DRB1,15:02,0.09872495446265939,10980
Indian,DRB1,14:04,0.07868852459016394,10980
Indian,DRB1,04:03,0.07058287795992714,10980
Indian,DRB1,10:01,0.06839708561020036,10980
Indian,DRB1,13:01,0.06420765027322405,10980
Indian,DRB1,03:01,0.06357012750455374,10980
Indian,DRB1,11:01,0.04426229508196721,10980
Indian,DRB1,12:02,0.04061930783242259,10980
Indian,DRB1,13:02,0.03087431693989071,10980
Indian,DRB1,01:01,0.024499089253187615,10980
Indian,DRB1,08:03,0.016302367941712203,10980
Indian,DRB1,04:01,0.013752276867030965,10980
Indian,DRB1,04:04,0.01029143897996357,10980
Indian,DRB1,09:01,0.010018214936247723,10980
Indian,DRB1,11:04,0.00947176684881603,10980
Indian,DRB1,15:06,0.009107468123861567,10980
Indian,DRB1,04:05,0.008287795992714026,10980
Indian,DRB1,14:01,0.007103825136612022,10980
Indian,DRB1,12:01,0.006102003642987249,10980
Indian,DRB1,08:02,0.005646630236794172,10980
Indian,DRB1,04:10,0.004644808743169399,10980
Indian,DRB1,16:02,0.004371584699453552,10980
Indian,DRB1,04:08,0.003005464480874317,10980
Indian,DRB1,14:15,0.002823315118397086,10980
Indian,DRB1,04:02,0.0025500910746812386,10980
Indian,DRB1,15:04,0.002276867030965392,10980
Indian,DRB1,04:07,0.0020036429872495446,10980
Indian,DRB1,04:06,0.0018214936247723133,10980
Indian,DRB1,08:01,0.001639344262295082,10980
Indian,DRB1,07:03,0.0015482695810564663,10980
Indian,DRB1,14:07,0.0015482695810564663,10980
Indian,DRB1,11:06,0.0014571948998178506,10980
Indian,DRB1,14:10,0.0011839708561020036,10980
Indian,DRB1,14:05,0.0010018214936247723,10980
Indian,DRB1,11:11,0.000819672131147541,10980
Indian,DRB1,11:66,0.000819672131147541,10980
Indian,DRB1,13:49,0.0007285974499089253,10980
Indian,DRB1,13:03,0.0006375227686703097,10980
Indian,DRB1,01:02,0.000546448087431694,10980
Indian,DRB1,04:18,0.000546448087431694,10980
Indian,DRB1,16:10,0.0004553734061930783,10980
Indian,DRB1,14:02,0.0004553734061930783,10980
Indian,DRB1,08:04,0.0004553734061930783,10980
Indian,DRB1,11:08,0.00036429872495446266,10980
Indian,DRB1,14:06,0.000273224043715847,10980
Indian,DRB1,14:18,0.000273224043715847,10980
Indian,DRB1,14:11,0.000273224043715847,10980
Indian,DRB1,11:03,0.00018214936247723133,10980
Indian,DRB1,14:19,0.00018214936247723133,10980
Indian,DRB1,10:02,0.00018214936247723133,10980
Indian,DRB1,16:01,0.00018214936247723133,10980
Indian,DRB1,14:03,0.00018214936247723133,10980
Indian,DRB1,08:09,9.107468123861566e-05,10980
Indian,DRB1,04:13,9.107468123861566e-05,10980
Indian,DRB1,11:18,9.107468123861566e-05,10980
Indian,DRB1,08:10,9.107468123861566e-05,10980
Indian,DRB1,03:02,9.107468123861566e-05,10980
Indian,DRB1,11:29,9.107468123861566e-05,10980
Indian,DRB1,08:12,9.107468123861566e-05,10980
Indian,DRB1,07:41,9.107468123861566e-05,10980
Indian,DRB1,14:33,9.107468123861566e-05,10980
Indian,DRB1,04:09,9.107468123861566e-05,10980
Indian,DRB1,13:12,9.107468123861566e-05,10980
Indian,DRB1,16:38,9.107468123861566e-05,10980
Indian,DRB1,09:27,9.107468123861566e-05,10980
Indian,DRB1,14:28,9.107468123861566e-05,10980
Indian,DRB1,15:47,9.107468123861566e-05,10980
Indian,DRB1,13:50,9.107468123861566e-05,10980
Indian,HLA-A,24:02,0.16584699453551913,10980
Indian,HLA-A,11:01,0.142896174863388,10980
Indian,HLA-A,01:01,0.13852459016393442,10980
Indian,HLA-A,33:03,0.09981785063752277,10980
Indian,HLA-A,02:11,0.06402550091074681,10980
Indian,HLA-A,03:01,0.06174863387978142,10980
Indian,HLA-A,02:01,0.05382513661202186,10980
Indian,HLA-A,68:01,0.05309653916211293,10980
Indian,HLA-A,26:01,0.03961748633879782,10980
Indian,HLA-A,31:01,0.029234972677595627,10980
Indian,HLA-A,32:01,0.02622950819672131,10980
Indian,HLA-A,24:07,0.022222222222222223,10980
Indian,HLA-A,02:06,0.01703096539162113,10980
Indian,HLA-A,30:01,0.015027322404371584,10980
Indian,HLA-A,02:03,0.011657559198542805,10980
Indian,HLA-A,29:01,0.008652094717668488,10980
Indian,HLA-A,02:16,0.008287795992714026,10980
Indian,HLA-A,03:02,0.006557377049180328,10980
Indian,HLA-A,02:05,0.006284153005464481,10980
Indian,HLA-A,23:01,0.004918032786885246,10980
Indian,HLA-A,24:17,0.0031876138433515485,10980
Indian,HLA-A,24:03,0.0030965391621129326,10980
Indian,HLA-A,02:07,0.00273224043715847,10980
Indian,HLA-A,30:02,0.0026411657559198545,10980
Indian,HLA-A,34:01,0.0025500910746812386,10980
Indian,HLA-A,24:10,0.0017304189435336976,10980
Indian,HLA-A,02:20,0.0012750455373406193,10980
Indian,HLA-A,11:02,0.0012750455373406193,10980
Indian,HLA-A,74:01,0.000819672131147541,10980
Indian,HLA-A,33:01,0.0006375227686703097,10980
Indian,HLA-A,11:03,0.000546448087431694,10980
Indian,HLA-A,31:12,0.0004553734061930783,10980
Indian,HLA-A,29:02,0.00036429872495446266,10980
Indian,HLA-A,30:04,0.00036429872495446266,10980
Indian,HLA-A,02:02,0.000273224043715847,10980
Indian,HLA-A,02:08,0.00018214936247723133,10980
Indian,HLA-A,31:16,0.00018214936247723133,10980
Indian,HLA-A,03:76,0.00018214936247723133,10980
Indian,HLA-A,68:02,0.00018214936247723133,10980
Indian,HLA-A,68:99,0.00018214936247723133,10980
Indian,HLA-A,33:112,0.00018214936247723133,10980
Indian,HLA-A,74:03,0.00018214936247723133,10980
Indian,HLA-A,11:20,9.107468123861566e-05,10980
Indian,HLA-A,11:233,9.107468123861566e-05,10980
Indian,HLA-A,01:12,9.107468123861566e-05,10980
Indian,HLA-A,11:19,9.107468123861566e-05,10980
Indian,HLA-A,11:04,9.107468123861566e-05,10980
Indian,HLA-A,11:44,9.107468123861566e-05,10980
Indian,HLA-A,24:37,9.107468123861566e-05,10980
Indian,HLA-A,02:64,9.107468123861566e-05,10980
Indian,HLA-A,32:11Q,9.107468123861566e-05,10980
Indian,HLA-A,24:121,9.107468123861566e-05,10980
Indian,HLA-A,68:50,9.107468123861566e-05,10980
Indian,HLA-A,66:01,9.107468123861566e-05,10980
Indian,HLA-A,11:58,9.107468123861566e-05,10980
Indian,HLA-A,34:02,9.107468123861566e-05,10980
Indian,HLA-B,40:06,0.10072859744990892,10980
Indian,HLA-B,52:01,0.07650273224043716,10980
Indian,HLA-B,57:01,0.07222222222222222,10980
Indian,HLA-B,51:01,0.0697632058287796,10980
Indian,HLA-B,44:03,0.06120218579234973,10980
Indian,HLA-B,35:03,0.05728597449908925,10980
Indian,HLA-B,58:01,0.052276867030965395,10980
Indian,HLA-B,35:01,0.05145719489981785,10980
Indian,HLA-B,07:05,0.0395264116575592,10980
Indian,HLA-B,07:02,0.03925318761384335,10980
Indian,HLA-B,37:01,0.03642987249544627,10980
Indian,HLA-B,08:01,0.02877959927140255,10980
Indian,HLA-B,15:02,0.027868852459016394,10980
Indian,HLA-B,40:01,0.02522768670309654,10980
Indian,HLA-B,18:01,0.022859744990892533,10980
Indian,HLA-B,55:01,0.021129326047358836,10980
Indian,HLA-B,15:18,0.019489981785063754,10980
Indian,HLA-B,50:01,0.016939890710382512,10980
Indian,HLA-B,13:01,0.016939890710382512,10980
Indian,HLA-B,15:01,0.016484517304189435,10980
Indian,HLA-B,13:02,0.015846994535519125,10980
Indian,HLA-B,38:02,0.010109289617486339,10980
Indian,HLA-B,51:06,0.009744990892531877,10980
Indian,HLA-B,15:05,0.008652094717668488,10980
Indian,HLA-B,15:17,0.008105646630236794,10980
Indian,HLA-B,39:01,0.007285974499089253,10980
Indian,HLA-B,56:01,0.007285974499089253,10980
Indian,HLA-B,27:05,0.006557377049180328,10980
Indian,HLA-B,15:25,0.005919854280510018,10980
Indian,HLA-B,49:01,0.005555555555555556,10980
Indian,HLA-B,44:02,0.005282331511839709,10980
Indian,HLA-B,40:02,0.003825136612021858,10980
Indian,HLA-B,15:13,0.0036429872495446266,10980
Indian,HLA-B,46:01,0.0030965391621129326,10980
Indian,HLA-B,35:05,0.0029143897996357013,10980
Indian,HLA-B,41:01,0.002823315118397086,10980
Indian,HLA-B,27:04,0.0025500910746812386,10980
Indian,HLA-B,27:07,0.002459016393442623,10980
Indian,HLA-B,48:01,0.002459016393442623,10980
Indian,HLA-B,15:08,0.002276867030965392,10980
Indian,HLA-B,51:07,0.0020947176684881605,10980
Indian,HLA-B,15:21,0.0020036429872495446,10980
Indian,HLA-B,35:02,0.0018214936247723133,10980
Indian,HLA-B,55:02,0.0018214936247723133,10980
Indian,HLA-B,18:02,0.0017304189435336976,10980
Indian,HLA-B,35:08,0.0017304189435336976,10980
Indian,HLA-B,38:01,0.0015482695810564663,10980
Indian,HLA-B,15:29,0.0015482695810564663,10980
Indian,HLA-B,53:01,0.0014571948998178506,10980
Indian,HLA-B,39:06,0.0012750455373406193,10980
Indian,HLA-B,51:08,0.001092896174863388,10980
Indian,HLA-B,51:02,0.0010018214936247723,10980
Indian,HLA-B,54:01,0.000819672131147541,10980
Indian,HLA-B,48:04,0.0007285974499089253,10980
Indian,HLA-B,51:19,0.0007285974499089253,10980
Indian,HLA-B,27:06,0.0007285974499089253,10980
Indian,HLA-B,45:01,0.0006375227686703097,10980
Indian,HLA-B,15:32,0.0006375227686703097,10980
Indian,HLA-B,14:02,0.000546448087431694,10980
Indian,HLA-B,40:23,0.000546448087431694,10980
Indian,HLA-B,27:02,0.000546448087431694,10980
Indian,HLA-B,15:10,0.0004553734061930783,10980
Indian,HLA-B,15:04,0.00036429872495446266,10980
Indian,HLA-B,52:04,0.00036429872495446266,10980
Indian,HLA-B,15:35,0.00036429872495446266,10980
Indian,HLA-B,40:26,0.000273224043715847,10980
Indian,HLA-B,47:01,0.000273224043715847,10980
Indian,HLA-B,15:12,0.000273224043715847,10980
Indian,HLA-B,15:75,0.000273224043715847,10980
Indian,HLA-B,40:50,0.000273224043715847,10980
Indian,HLA-B,37:04,0.000273224043715847,10980
Indian,HLA-B,57:03,0.00018214936247723133,10980
Indian,HLA-B,44:06,0.00018214936247723133,10980
Indian,HLA-B,35:30,0.00018214936247723133,10980
Indian,HLA-B,55:03,0.00018214936247723133,10980
Indian,HLA-B,40:10,0.00018214936247723133,10980
Indian,HLA-B,40:295,0.00018214936247723133,10980
Indian,HLA-B,40:03,9.107468123861566e-05,10980
Indian,HLA-B,35:310,9.107468123861566e-05,10980
Indian,HLA-B,15:09,9.107468123861566e-05,10980
Indian,HLA-B,15:03,9.107468123861566e-05,10980
Indian,HLA-B,15:38,9.107468123861566e-05,10980
Indian,HLA-B,41:02,9.107468123861566e-05,10980
Indian,HLA-B,15:11,9.107468123861566e-05,10980
Indian,HLA-B,14:03,9.107468123861566e-05,10980
Indian,HLA-B,15:113,9.107468123861566e-05,10980
Indian,HLA-B,07:09,9.107468123861566e-05,10980
Indian,HLA-B,42:01,9.107468123861566e-05,10980
Indian,HLA-B,35:21,9.107468123861566e-05,10980
Indian,HLA-B,18:116,9.107468123861566e-05,10980
Indian,HLA-B,18:22,9.107468123861566e-05,10980
Indian,HLA-B,15:46,9.107468123861566e-05,10980
Indian,HLA-B,51:09,9.107468123861566e-05,10980
Indian,HLA-B,35:360,9.107468123861566e-05,10980
Indian,HLA-B,56:03,9.107468123861566e-05,10980
Indian,HLA-B,56:04,9.107468123861566e-05,10980
Indian,HLA-B,58:02,9.107468123861566e-05,10980
Indian,HLA-B,53:09,9.107468123861566e-05,10980
Indian,HLA-C,06:02,0.14225865209471766,10980
Indian,HLA-C,07:02,0.12304189435336976,10980
Indian,HLA-C,04:01,0.11120218579234972,10980
Indian,HLA-C,15:02,0.09116575591985428,10980
Indian,HLA-C,12:02,0.08406193078324226,10980
Indian,HLA-C,07:01,0.07932604735883425,10980
Indian,HLA-C,03:02,0.05218579234972678,10980
Indian,HLA-C,12:03,0.04562841530054645,10980
Indian,HLA-C,14:02,0.04353369763205829,10980
Indian,HLA-C,01:02,0.04289617486338798,10980
Indian,HLA-C,08:01,0.03333333333333333,10980
Indian,HLA-C,07:04,0.02459016393442623,10980
Indian,HLA-C,16:02,0.02331511839708561,10980
Indian,HLA-C,03:04,0.019216757741347904,10980
Indian,HLA-C,03:03,0.018852459016393444,10980
Indian,HLA-C,04:03,0.017486338797814208,10980
Indian,HLA-C,02:02,0.008469945355191256,10980
Indian,HLA-C,15:05,0.008014571948998178,10980
Indian,HLA-C,05:01,0.006466302367941712,10980
Indian,HLA-C,07:26,0.005009107468123861,10980
Indian,HLA-C,12:04,0.003916211293260473,10980
Indian,HLA-C,15:07,0.0036429872495446266,10980
Indian,HLA-C,17:01,0.002459016393442623,10980
Indian,HLA-C,04:10,0.0012750455373406193,10980
Indian,HLA-C,15:04,0.001092896174863388,10980
Indian,HLA-C,08:03,0.0009107468123861566,10980
Indian,HLA-C,04:06,0.000819672131147541,10980
Indian,HLA-C,16:04,0.0007285974499089253,10980
Indian,HLA-C,07:29,0.0006375227686703097,10980
Indian,HLA-C,08:02,0.0006375227686703097,10980
Indian,HLA-C,16:01,0.0004553734061930783,10980
Indian,HLA-C,07:13,0.000273224043715847,10980
Indian,HLA-C,01:17,0.000273224043715847,10980
Indian,HLA-C,01:03,0.000273224043715847,10980
Indian,HLA-C,03:88,0.000273224043715847,10980
Indian,HLA-C,02:08,0.00018214936247723133,10980
Indian,HLA-C,12:09,0.00018214936247723133,10980
Indian,HLA-C,06:203,0.00018214936247723133,10980
Indian,HLA-C,14:03,0.00018214936247723133,10980
Indian,HLA-C,16:30N,0.00018214936247723133,10980
Indian,HLA-C,12:132,9.107468123861566e-05,10980
Indian,HLA-C,04:147,9.107468123861566e-05,10980
Indian,HLA-C,07:317,9.107468123861566e-05,10980
Indian,HLA-C,04:29,9.107468123861566e-05,10980
Indian,HLA-C,07:17,9.107468123861566e-05,10980
Indian,HLA-C,04:AKWXK,9.107468123861566e-05,10980
Indian,HLA-C,12:05,9.107468123861566e-05,10980
Indian,HLA-C,14:24,9.107468123861566e-05,10980
Indian,HLA-C,16:104,9.107468123861566e-05,10980
Indian,HLA-C,15:68,9.107468123861566e-05,10980
Indian,HLA-C,12:41,9.107468123861566e-05,10980
Indian,HLA-C,12:08,9.107468123861566e-05,10980
Indian,HLA-C,16:12,9.107468123861566e-05,10980
Indian,HLA-C,16:19,9.107468123861566e-05,10980
Indian,HLA-C,15:33,9.107468123861566e-05,10980
Malay,DQB1,03:01,0.35362136966654717,11156
Malay,DQB1,05:01,0.12513445679455001,11156
Malay,DQB1,06:01,0.10774471136608103,11156
Malay,DQB1,02:01,0.10496593761204732,11156
Malay,DQB1,05:02,0.10397992111868053,11156
Malay,DQB1,03:03,0.053334528504840446,11156
Malay,DQB1,05:03,0.05198996055934026,11156
Malay,DQB1,03:02,0.027249910362136965,11156
Malay,DQB1,04:01,0.01541771244173539,11156
Malay,DQB1,04:02,0.014969523126568662,11156
Malay,DQB1,06:02,0.014879885263535318,11156
Malay,DQB1,06:09,0.01120473287916816,11156
Malay,DQB1,06:03,0.01120473287916816,11156
Malay,DQB1,06:04,0.0024202223019003225,11156
Malay,DQB1,02:02,0.00035855145213338117,11156
Malay,DQB1,05:66,0.00026891358910003586,11156
Malay,DQB1,05:23,0.00026891358910003586,11156
Malay,DQB1,02:51,0.00017927572606669058,11156
Malay,DQB1,06:10,0.00017927572606669058,11156
Malay,DQB1,02:07,8.963786303334529e-05,11156
Malay,DQB1,05:18,8.963786303334529e-05,11156
Malay,DQB1,03:BMSUA,8.963786303334529e-05,11156
Malay,DQB1,06:48,8.963786303334529e-05,11156
Malay,DQB1,06:132,8.963786303334529e-05,11156
Malay,DQB1,05:CAVTE,8.963786303334529e-05,11156
Malay,DQB1,04:05,8.963786303334529e-05,11156
Malay,DRB1,12:02,0.3494083901039799,11156
Malay,DRB1,15:02,0.185102187163858,11156
Malay,DRB1,07:01,0.07843313015417712,11156
Malay,DRB1,15:01,0.05907135173897454,11156
Malay,DRB1,03:01,0.03944065973467192,11156
Malay,DRB1,09:01,0.03935102187163858,11156
Malay,DRB1,14:04,0.03657224811760488,11156
Malay,DRB1,04:05,0.031911079239870924,11156
Malay,DRB1,16:02,0.031911079239870924,11156
Malay,DRB1,08:03,0.026084618142703478,11156
Malay,DRB1,11:01,0.021692362854069558,11156
Malay,DRB1,04:03,0.016045177482968805,11156
Malay,DRB1,13:02,0.013804230907135173,11156
Malay,DRB1,10:01,0.013356041591968447,11156
Malay,DRB1,13:01,0.010846181427034779,11156
Malay,DRB1,14:01,0.0076192183578343495,11156
Malay,DRB1,04:06,0.0051989960559340265,11156
Malay,DRB1,01:01,0.004840444603800645,11156
Malay,DRB1,12:01,0.003764790247400502,11156
Malay,DRB1,14:05,0.0025994980279670133,11156
Malay,DRB1,11:06,0.0024202223019003225,11156
Malay,DRB1,04:04,0.0020616708497669415,11156
Malay,DRB1,08:02,0.001882395123700251,11156
Malay,DRB1,04:01,0.0017031193976335603,11156
Malay,DRB1,14:10,0.0015238436715668698,11156
Malay,DRB1,08:12,0.0013445679455001793,11156
Malay,DRB1,11:05,0.0011652922194334888,11156
Malay,DRB1,11:04,0.0010756543564001434,11156
Malay,DRB1,08:09,0.000986016493366798,11156
Malay,DRB1,14:07,0.0008963786303334528,11156
Malay,DRB1,01:02,0.0007171029042667623,11156
Malay,DRB1,08:04,0.0007171029042667623,11156
Malay,DRB1,04:02,0.000627465041233417,11156
Malay,DRB1,04:10,0.000627465041233417,11156
Malay,DRB1,13:12,0.000627465041233417,11156
Malay,DRB1,14:08,0.0004481893151667264,11156
Malay,DRB1,14:18,0.0004481893151667264,11156
Malay,DRB1,15:03,0.0004481893151667264,11156
Malay,DRB1,15:04,0.0004481893151667264,11156
Malay,DRB1,04:08,0.00026891358910003586,11156
Malay,DRB1,14:15,0.00026891358910003586,11156
Malay,DRB1,15:14,0.00026891358910003586,11156
Malay,DRB1,15:06,0.00026891358910003586,11156
Malay,DRB1,08:19,0.00017927572606669058,11156
Malay,DRB1,11:12,0.00017927572606669058,11156
Malay,DRB1,08:01,0.00017927572606669058,11156
Malay,DRB1,13:03,0.00017927572606669058,11156
Malay,DRB1,14:03,0.00017927572606669058,11156
Malay,DRB1,11:66,8.963786303334529e-05,11156
Malay,DRB1,04:07,8.963786303334529e-05,11156
Malay,DRB1,11:11,8.963786303334529e-05,11156
Malay,DRB1,11:02,8.963786303334529e-05,11156
Malay,DRB1,14:20,8.963786303334529e-05,11156
Malay,DRB1,13:49,8.963786303334529e-05,11156
Malay,DRB1,14:119,8.963786303334529e-05,11156
Malay,DRB1,14:25,8.963786303334529e-05,11156
Malay,DRB1,16:01,8.963786303334529e-05,11156
Malay,HLA-A,11:01,0.18026174256005736,11156
Malay,HLA-A,24:07,0.17622803872355683,11156
Malay,HLA-A,24:02,0.16869845822875582,11156
Malay,HLA-A,33:03,0.1015596988167802,11156
Malay,HLA-A,02:01,0.08004661168877734,11156
Malay,HLA-A,34:01,0.0627465041233417,11156
Malay,HLA-A,24:10,0.044550017927572606,11156
Malay,HLA-A,02:03,0.04311581211903908,11156
Malay,HLA-A,01:01,0.02016851918250269,11156
Malay,HLA-A,02:06,0.019451416278235927,11156
Malay,HLA-A,02:07,0.014969523126568662,11156
Malay,HLA-A,26:01,0.013535317318035138,11156
Malay,HLA-A,03:01,0.010935819290068125,11156
Malay,HLA-A,74:01,0.006991753316600932,11156
Malay,HLA-A,02:11,0.006364288275367515,11156
Malay,HLA-A,68:01,0.006185012549300825,11156
Malay,HLA-A,31:01,0.006095374686267479,11156
Malay,HLA-A,32:01,0.006005736823234134,11156
Malay,HLA-A,30:01,0.005826461097167443,11156
Malay,HLA-A,29:01,0.005109358192900681,11156
Malay,HLA-A,11:04,0.005019720329867336,11156
Malay,HLA-A,11:02,0.004392255288633919,11156
Malay,HLA-A,02:05,0.0017927572606669057,11156
Malay,HLA-A,34:05,0.0010756543564001434,11156
Malay,HLA-A,23:01,0.0008963786303334528,11156
Malay,HLA-A,03:02,0.0008067407673001076,11156
Malay,HLA-A,24:17,0.0008067407673001076,11156
Malay,HLA-A,30:02,0.0008067407673001076,11156
Malay,HLA-A,68:02,0.0007171029042667623,11156
Malay,HLA-A,24:03,0.000627465041233417,11156
Malay,HLA-A,02:02,0.0004481893151667264,11156
Malay,HLA-A,11:03,0.00035855145213338117,11156
Malay,HLA-A,02:16,0.00026891358910003586,11156
Malay,HLA-A,01:03,0.00026891358910003586,11156
Malay,HLA-A,02:64,0.00026891358910003586,11156
Malay,HLA-A,29:10,0.00026891358910003586,11156
Malay,HLA-A,29:02,0.00017927572606669058,11156
Malay,HLA-A,24:234,0.00017927572606669058,11156
Malay,HLA-A,30:04,0.00017927572606669058,11156
Malay,HLA-A,24:20,0.00017927572606669058,11156
Malay,HLA-A,69:01,0.00017927572606669058,11156
Malay,HLA-A,33:01,0.00017927572606669058,11156
Malay,HLA-A,01:211,8.963786303334529e-05,11156
Malay,HLA-A,02:10,8.963786303334529e-05,11156
Malay,HLA-A,31:12,8.963786303334529e-05,11156
Malay,HLA-A,01:188,8.963786303334529e-05,11156
Malay,HLA-A,11:19,8.963786303334529e-05,11156
Malay,HLA-A,02:92,8.963786303334529e-05,11156
Malay,HLA-A,24:CMVTC,8.963786303334529e-05,11156
Malay,HLA-A,02:BKSXJ,8.963786303334529e-05,11156
Malay,HLA-A,66:01,8.963786303334529e-05,11156
Malay,HLA-A,34:02,8.963786303334529e-05,11156
Malay,HLA-A,68:24,8.963786303334529e-05,11156
Malay,HLA-A,24:CJMPH,8.963786303334529e-05,11156
Malay,HLA-A,11:GMDT,8.963786303334529e-05,11156
Malay,HLA-A,11:CAVJD,8.963786303334529e-05,11156
Malay,HLA-B,15:02,0.1148261025457153,11156
Malay,HLA-B,18:01,0.08309429903191108,11156
Malay,HLA-B,15:13,0.07941914664754392,11156
Malay,HLA-B,35:05,0.07090354965937612,11156
Malay,HLA-B,38:02,0.05494801003944066,11156
Malay,HLA-B,44:03,0.053155252778773754,11156
Malay,HLA-B,15:21,0.05037647902474005,11156
Malay,HLA-B,40:01,0.0447292936536393,11156
Malay,HLA-B,58:01,0.044550017927572606,11156
Malay,HLA-B,13:01,0.035048404446038,11156
Malay,HLA-B,18:02,0.033524560774471135,11156
Malay,HLA-B,51:01,0.031911079239870924,11156
Malay,HLA-B,52:01,0.027070634636070276,11156
Malay,HLA-B,27:06,0.02456077447113661,11156
Malay,HLA-B,51:02,0.023664395840803154,11156
Malay,HLA-B,46:01,0.019809967730369308,11156
Malay,HLA-B,40:06,0.019541054141269273,11156
Malay,HLA-B,07:05,0.018913589100035856,11156
Malay,HLA-B,15:25,0.01541771244173539,11156
Malay,HLA-B,35:30,0.012997490139835066,11156
Malay,HLA-B,35:03,0.012011473646468268,11156
Malay,HLA-B,57:01,0.010846181427034779,11156
Malay,HLA-B,35:01,0.008874148440301183,11156
Malay,HLA-B,40:02,0.007708856220867695,11156
Malay,HLA-B,07:02,0.007260666905700968,11156
Malay,HLA-B,13:02,0.005467909645034063,11156
Malay,HLA-B,15:01,0.0051989960559340265,11156
Malay,HLA-B,55:02,0.0051989960559340265,11156
Malay,HLA-B,15:12,0.004840444603800645,11156
Malay,HLA-B,56:04,0.0047508067407673,11156
Malay,HLA-B,08:01,0.0047508067407673,11156
Malay,HLA-B,39:01,0.004302617425600574,11156
Malay,HLA-B,37:01,0.004123341699533883,11156
Malay,HLA-B,56:01,0.0038544281104338474,11156
Malay,HLA-B,48:01,0.0034062387952671206,11156
Malay,HLA-B,54:01,0.0033166009322337757,11156
Malay,HLA-B,15:18,0.002778773754033704,11156
Malay,HLA-B,40:10,0.0026891358910003586,11156
Malay,HLA-B,50:01,0.002509860164933668,11156
Malay,HLA-B,55:01,0.002509860164933668,11156
Malay,HLA-B,27:04,0.0022409465758336322,11156
Malay,HLA-B,15:35,0.002151308712800287,11156
Malay,HLA-B,41:01,0.001882395123700251,11156
Malay,HLA-B,15:17,0.0017927572606669057,11156
Malay,HLA-B,15:32,0.0015238436715668698,11156
Malay,HLA-B,27:05,0.0014342058085335247,11156
Malay,HLA-B,15:06,0.0014342058085335247,11156
Malay,HLA-B,49:01,0.001254930082466834,11156
Malay,HLA-B,39:15,0.0011652922194334888,11156
Malay,HLA-B,27:07,0.0011652922194334888,11156
Malay,HLA-B,15:08,0.0010756543564001434,11156
Malay,HLA-B,35:02,0.000986016493366798,11156
Malay,HLA-B,44:02,0.000986016493366798,11156
Malay,HLA-B,15:27,0.0008963786303334528,11156
Malay,HLA-B,14:02,0.0008963786303334528,11156
Malay,HLA-B,51:06,0.0008963786303334528,11156
Malay,HLA-B,73:01,0.0008963786303334528,11156
Malay,HLA-B,48:04,0.0008067407673001076,11156
Malay,HLA-B,53:01,0.0007171029042667623,11156
Malay,HLA-B,38:64,0.000627465041233417,11156
Malay,HLA-B,35:72,0.0005378271782000717,11156
Malay,HLA-B,15:11,0.0005378271782000717,11156
Malay,HLA-B,45:01,0.0005378271782000717,11156
Malay,HLA-B,15:05,0.0004481893151667264,11156
Malay,HLA-B,51:07,0.0004481893151667264,11156
Malay,HLA-B,18:22,0.0004481893151667264,11156
Malay,HLA-B,37:54,0.0004481893151667264,11156
Malay,HLA-B,18:50,0.0004481893151667264,11156
Malay,HLA-B,48:03,0.00035855145213338117,11156
Malay,HLA-B,38:01,0.00035855145213338117,11156
Malay,HLA-B,15:10,0.00035855145213338117,11156
Malay,HLA-B,55:12,0.00035855145213338117,11156
Malay,HLA-B,18:116,0.00035855145213338117,11156
Malay,HLA-B,39:09,0.00035855145213338117,11156
Malay,HLA-B,15:03,0.00026891358910003586,11156
Malay,HLA-B,15:38,0.00026891358910003586,11156
Malay,HLA-B,56:03,0.00026891358910003586,11156
Malay,HLA-B,52:04,0.00026891358910003586,11156
Malay,HLA-B,15:75,0.00017927572606669058,11156
Malay,HLA-B,35:08,0.00017927572606669058,11156
Malay,HLA-B,67:01,0.00017927572606669058,11156
Malay,HLA-B,39:05,0.00017927572606669058,11156
Malay,HLA-B,81:01,0.00017927572606669058,11156
Malay,HLA-B,40:23,0.00017927572606669058,11156
Malay,HLA-B,50:07,0.00017927572606669058,11156
Malay,HLA-B,56:02,0.00017927572606669058,11156
Malay,HLA-B,56:07,0.00017927572606669058,11156
Malay,HLA-B,58:02,0.00017927572606669058,11156
Malay,HLA-B,40:12,8.963786303334529e-05,11156
Malay,HLA-B,15:04,8.963786303334529e-05,11156
Malay,HLA-B,07:105,8.963786303334529e-05,11156
Malay,HLA-B,15:29,8.963786303334529e-05,11156
Malay,HLA-B,46:08,8.963786303334529e-05,11156
Malay,HLA-B,15:46,8.963786303334529e-05,11156
Malay,HLA-B,15:159,8.963786303334529e-05,11156
Malay,HLA-B,14:01,8.963786303334529e-05,11156
Malay,HLA-B,42:02,8.963786303334529e-05,11156
Malay,HLA-B,15:404,8.963786303334529e-05,11156
Malay,HLA-B,18:GPPM,8.963786303334529e-05,11156
Malay,HLA-B,40:95,8.963786303334529e-05,11156
Malay,HLA-B,27:02,8.963786303334529e-05,11156
Malay,HLA-B,55:04,8.963786303334529e-05,11156
Malay,HLA-B,18:GPPJ,8.963786303334529e-05,11156
Malay,HLA-B,15:CAVKY,8.963786303334529e-05,11156
Malay,HLA-C,08:01,0.20078881319469344,11156
Malay,HLA-C,04:01,0.12298314808174973,11156
Malay,HLA-C,07:02,0.11885980638221585,11156
Malay,HLA-C,07:04,0.10335245607744711,11156
Malay,HLA-C,04:03,0.0787916816063105,11156
Malay,HLA-C,07:01,0.06731803513804231,11156
Malay,HLA-C,03:04,0.04974901398350663,11156
Malay,HLA-C,03:02,0.04419146647543923,11156
Malay,HLA-C,14:02,0.04392255288633919,11156
Malay,HLA-C,01:02,0.038454643241305125,11156
Malay,HLA-C,12:02,0.027518823951237004,11156
Malay,HLA-C,06:02,0.023843671566869847,11156
Malay,HLA-C,15:02,0.023126568662603084,11156
Malay,HLA-C,03:03,0.015328074578702043,11156
Malay,HLA-C,04:06,0.011115095016134816,11156
Malay,HLA-C,12:03,0.009232699892434564,11156
Malay,HLA-C,15:05,0.005288633918967372,11156
Malay,HLA-C,16:02,0.0030476873431337396,11156
Malay,HLA-C,17:01,0.0017927572606669057,11156
Malay,HLA-C,05:01,0.0015238436715668698,11156
Malay,HLA-C,02:02,0.0014342058085335247,11156
Malay,HLA-C,08:02,0.000986016493366798,11156
Malay,HLA-C,01:03,0.0008963786303334528,11156
Malay,HLA-C,15:04,0.0007171029042667623,11156
Malay,HLA-C,12:04,0.0005378271782000717,11156
Malay,HLA-C,16:01,0.0005378271782000717,11156
Malay,HLA-C,03:94,0.0004481893151667264,11156
Malay,HLA-C,07:199,0.0004481893151667264,11156
Malay,HLA-C,04:10,0.00035855145213338117,11156
Malay,HLA-C,07:26,0.00035855145213338117,11156
Malay,HLA-C,14:03,0.00026891358910003586,11156
Malay,HLA-C,12:05,0.00026891358910003586,11156
Malay,HLA-C,15:07,0.00026891358910003586,11156
Malay,HLA-C,02:10,0.00017927572606669058,11156
Malay,HLA-C,06:27,0.00017927572606669058,11156
Malay,HLA-C,03:88,0.00017927572606669058,11156
Malay,HLA-C,04:AKWXK,0.00017927572606669058,11156
Malay,HLA-C,15:09,0.00017927572606669058,11156
Malay,HLA-C,16:04,0.00017927572606669058,11156
Malay,HLA-C,08:03,0.00017927572606669058,11156
Malay,HLA-C,04:04,8.963786303334529e-05,11156
Malay,HLA-C,07:27,8.963786303334529e-05,11156
Malay,HLA-C,01:22,8.963786303334529e-05,11156
Malay,HLA-C,07:GXFA,8.963786303334529e-05,11156
Malay,HLA-C,03:CAVNN,8.963786303334529e-05,11156
Malay,HLA-C,15:40,8.963786303334529e-05,11156
Malay,HLA-C,16:88,8.963786303334529e-05,11156
Malay,HLA-C,06:195,8.963786303334529e-05,11156
Malay,HLA-C,08:16,8.963786303334529e-05,11156
Malay,HLA-C,07:EMCY,8.963786303334529e-05,11156
Malay,HLA-C,04:BCZH,8.963786303334529e-05,11156
Others,DQB1,03:01,0.21993628882399788,7534
Others,DQB1,02:01,0.1409609769046987,7534
Others,DQB1,05:02,0.10061056543668702,7534
Others,DQB1,05:01,0.09915051765330501,7534
Others,DQB1,06:01,0.08056809131935228,7534
Others,DQB1,03:03,0.07738253251924608,7534
Others,DQB1,03:02,0.07472790018582426,7534
Others,DQB1,06:02,0.04765065038492169,7534
Others,DQB1,05:03,0.04380143350146005,7534
Others,DQB1,06:03,0.029599150517653303,7534
Others,DQB1,04:02,0.024422617467480753,7534
Others,DQB1,04:01,0.02402442261746748,7534
Others,DQB1,06:04,0.01871515795062384,7534
Others,DQB1,06:09,0.013405893283780196,7534
Others,DQB1,06:10,0.0014600477833820015,7534
Others,DQB1,03:05,0.0006636580833554553,7534
Others,DQB1,02:02,0.0005309264666843643,7534
Others,DQB1,05:CAVTE,0.00039819485001327314,7534
Others,DQB1,03:04,0.0002654632333421821,7534
Others,DQB1,05:04,0.0002654632333421821,7534
Others,DQB1,03:CAVTB,0.0002654632333421821,7534
Others,DQB1,06:74,0.0002654632333421821,7534
Others,DQB1,03:11,0.00013273161667109106,7534
Others,DQB1,02:14,0.00013273161667109106,7534
Others,DQB1,03:26,0.00013273161667109106,7534
Others,DQB1,02:CAVTA,0.00013273161667109106,7534
Others,DQB1,03:72,0.00013273161667109106,7534
Others,DQB1,03:CAVTC,0.00013273161667109106,7534
Others,DQB1,06:BYFKE,0.00013273161667109106,7534
Others,DRB1,12:02,0.1260950358375365,7534
Others,DRB1,15:02,0.12131669763737722,7534
Others,DRB1,07:01,0.09543403238651446,7534
Others,DRB1,15:01,0.07937350676931244,7534
Others,DRB1,03:01,0.07366604725245554,7534
Others,DRB1,09:01,0.04937616140164587,7534
Others,DRB1,11:01,0.04672152906822405,7534
Others,DRB1,04:05,0.041146801168038226,7534
Others,DRB1,13:02,0.0326519777010884,7534
Others,DRB1,04:03,0.029333687284311124,7534
Others,DRB1,01:01,0.02867002920095567,7534
Others,DRB1,13:01,0.028537297584284575,7534
Others,DRB1,08:03,0.027342713034244757,7534
Others,DRB1,04:01,0.024157154234138573,7534
Others,DRB1,14:01,0.02110432705070348,7534
Others,DRB1,10:01,0.020440668967348023,7534
Others,DRB1,14:04,0.01659145208388638,7534
Others,DRB1,16:02,0.014467746217148926,7534
Others,DRB1,04:04,0.013140430050438015,7534
Others,DRB1,12:01,0.01260950358375365,7534
Others,DRB1,04:06,0.011945845500398195,7534
Others,DRB1,11:04,0.01008760286700292,7534
Others,DRB1,08:01,0.007432970533581099,7534
Others,DRB1,01:02,0.007167507300238917,7534
Others,DRB1,16:01,0.0051765330501725515,7534
Others,DRB1,14:05,0.004911069816830369,7534
Others,DRB1,11:06,0.004778338200159278,7534
Others,DRB1,04:02,0.004380143350146005,7534
Others,DRB1,04:07,0.004380143350146005,7534
Others,DRB1,08:02,0.003185558800106185,7534
Others,DRB1,13:03,0.003052827183435094,7534
Others,DRB1,13:12,0.002389169100079639,7534
Others,DRB1,11:03,0.001990974250066366,7534
Others,DRB1,15:04,0.001990974250066366,7534
Others,DRB1,15:06,0.001990974250066366,7534
Others,DRB1,01:03,0.0018582426333952748,7534
Others,DRB1,04:08,0.0018582426333952748,7534
Others,DRB1,04:10,0.0018582426333952748,7534
Others,DRB1,08:04,0.0014600477833820015,7534
Others,DRB1,08:09,0.0013273161667109105,7534
Others,DRB1,03:02,0.0011945845500398195,7534
Others,DRB1,11:02,0.0010618529333687285,7534
Others,DRB1,14:10,0.0010618529333687285,7534
Others,DRB1,14:03,0.0009291213166976374,7534
Others,DRB1,14:07,0.0007963897000265463,7534
Others,DRB1,15:03,0.0007963897000265463,7534
Others,DRB1,14:06,0.0007963897000265463,7534
Others,DRB1,15:14,0.0007963897000265463,7534
Others,DRB1,13:05,0.0007963897000265463,7534
Others,DRB1,11:11,0.0006636580833554553,7534
Others,DRB1,14:15,0.0006636580833554553,7534
Others,DRB1,08:06,0.00039819485001327314,7534
Others,DRB1,15:BFBXD,0.00039819485001327314,7534
Others,DRB1,14:18,0.00039819485001327314,7534
Others,DRB1,14:02,0.00039819485001327314,7534
Others,DRB1,08:18,0.0002654632333421821,7534
Others,DRB1,11:08,0.0002654632333421821,7534
Others,DRB1,11:66,0.0002654632333421821,7534
Others,DRB1,14:19,0.0002654632333421821,7534
Others,DRB1,11:05,0.0002654632333421821,7534
Others,DRB1,13:13,0.0002654632333421821,7534
Others,DRB1,08:12,0.0002654632333421821,7534
Others,DRB1,14:54,0.0002654632333421821,7534
Others,DRB1,11:14,0.00013273161667109106,7534
Others,DRB1,11:17,0.00013273161667109106,7534
Others,DRB1,14:08,0.00013273161667109106,7534
Others,DRB1,14:11,0.00013273161667109106,7534
Others,DRB1,11:19,0.00013273161667109106,7534
Others,DRB1,08:10,0.00013273161667109106,7534
Others,DRB1,13:07,0.00013273161667109106,7534
Others,DRB1,14:16,0.00013273161667109106,7534
Others,DRB1,09:DZUU,0.00013273161667109106,7534
Others,DRB1,07:BMSUC,0.00013273161667109106,7534
Others,HLA-A,11:01,0.15542872312184763,7534
Others,HLA-A,24:02,0.15091584815503054,7534
Others,HLA-A,02:01,0.12158216087071941,7534
Others,HLA-A,33:03,0.07685160605256172,7534
Others,HLA-A,01:01,0.07499336341916644,7534
Others,HLA-A,24:07,0.0622511282187417,7534
Others,HLA-A,03:01,0.04619060260153968,7534
Others,HLA-A,34:01,0.043137775418104596,7534
Others,HLA-A,26:01,0.028139102734271303,7534
Others,HLA-A,02:07,0.027475444650915847,7534
Others,HLA-A,02:03,0.023758959384125297,7534
Others,HLA-A,02:06,0.022962569684098752,7534
Others,HLA-A,31:01,0.02004247411733475,7534
Others,HLA-A,32:01,0.01659145208388638,7534
Others,HLA-A,68:01,0.0163259888505442,7534
Others,HLA-A,11:02,0.010618529333687284,7534
Others,HLA-A,29:02,0.009423944783647465,7534
Others,HLA-A,30:01,0.009158481550305284,7534
Others,HLA-A,23:01,0.009158481550305284,7534
Others,HLA-A,02:11,0.009025749933634192,7534
Others,HLA-A,24:10,0.007698433766923281,7534
Others,HLA-A,29:01,0.006902044066896735,7534
Others,HLA-A,25:01,0.005840191133528006,7534
Others,HLA-A,02:05,0.004911069816830369,7534
Others,HLA-A,24:03,0.004645606583488187,7534
Others,HLA-A,30:02,0.004114680116803823,7534
Others,HLA-A,68:02,0.0037164852667905496,7534
Others,HLA-A,33:01,0.0037164852667905496,7534
Others,HLA-A,03:02,0.002389169100079639,7534
Others,HLA-A,66:01,0.002123705866737457,7534
Others,HLA-A,74:01,0.002123705866737457,7534
Others,HLA-A,11:03,0.0017255110167241838,7534
Others,HLA-A,34:05,0.0013273161667109105,7534
Others,HLA-A,30:04,0.0011945845500398195,7534
Others,HLA-A,34:02,0.0011945845500398195,7534
Others,HLA-A,11:04,0.0010618529333687285,7534
Others,HLA-A,26:03,0.0009291213166976374,7534
Others,HLA-A,01:03,0.0009291213166976374,7534
Others,HLA-A,26:02,0.0007963897000265463,7534
Others,HLA-A,24:17,0.0007963897000265463,7534
Others,HLA-A,02:16,0.0006636580833554553,7534
Others,HLA-A,02:02,0.0005309264666843643,7534
Others,HLA-A,69:01,0.0005309264666843643,7534
Others,HLA-A,02:17,0.00039819485001327314,7534
Others,HLA-A,24:CAVJJ,0.00039819485001327314,7534
Others,HLA-A,26:08,0.0002654632333421821,7534
Others,HLA-A,02:10,0.0002654632333421821,7534
Others,HLA-A,02:22,0.0002654632333421821,7534
Others,HLA-A,33:05,0.0002654632333421821,7534
Others,HLA-A,68:172,0.0002654632333421821,7534
Others,HLA-A,31:06,0.0002654632333421821,7534
Others,HLA-A,34:GWR,0.0002654632333421821,7534
Others,HLA-A,24:33,0.00013273161667109106,7534
Others,HLA-A,24:20,0.00013273161667109106,7534
Others,HLA-A,02:205,0.00013273161667109106,7534
Others,HLA-A,11:233,0.00013273161667109106,7534
Others,HLA-A,25:04,0.00013273161667109106,7534
Others,HLA-A,32:04,0.00013273161667109106,7534
Others,HLA-A,02:380,0.00013273161667109106,7534
Others,HLA-A,02:20,0.00013273161667109106,7534
Others,HLA-A,02:BKSXJ,0.00013273161667109106,7534
Others,HLA-A,02:A,0.00013273161667109106,7534
Others,HLA-A,02:CAVH,0.00013273161667109106,7534
Others,HLA-A,24:05,0.00013273161667109106,7534
Others,HLA-A,32:64,0.00013273161667109106,7534
Others,HLA-A,80:01,0.00013273161667109106,7534
Others,HLA-A,36:01,0.00013273161667109106,7534
Others,HLA-A,33:65,0.00013273161667109106,7534
Others,HLA-A,74:05,0.00013273161667109106,7534
Others,HLA-A,68:05,0.00013273161667109106,7534
Others,HLA-A,68:50,0.00013273161667109106,7534
Others,HLA-A,02:ACKBY,0.00013273161667109106,7534
Others,HLA-A,33:CAUVS,0.00013273161667109106,7534
Others,HLA-A,24:08,0.00013273161667109106,7534
Others,HLA-A,31:12,0.00013273161667109106,7534
Others,HLA-A,68:03,0.00013273161667109106,7534
Others,HLA-A,11:XX,0.00013273161667109106,7534
Others,HLA-A,31:16,0.00013273161667109106,7534
Others,HLA-B,40:01,0.06769312450225644,7534
Others,HLA-B,15:02,0.05123440403504115,7534
Others,HLA-B,51:01,0.04964162463498806,7534
Others,HLA-B,07:02,0.04672152906822405,7534
Others,HLA-B,44:03,0.04194319086806477,7534
Others,HLA-B,38:02,0.040483143084682774,7534
Others,HLA-B,08:01,0.040483143084682774,7534
Others,HLA-B,58:01,0.03835943721794532,7534
Others,HLA-B,35:05,0.03358109901778604,7534
Others,HLA-B,18:01,0.03291744093443058,7534
Others,HLA-B,35:01,0.03052827183435094,7534
Others,HLA-B,46:01,0.03026280860100876,7534
Others,HLA-B,15:01,0.028404565967613486,7534
Others,HLA-B,13:01,0.027077249800902575,7534
Others,HLA-B,52:01,0.02641359171754712,7534
Others,HLA-B,44:02,0.025617202017520574,7534
Others,HLA-B,57:01,0.023228032917440935,7534
Others,HLA-B,40:02,0.020971595434032386,7534
Others,HLA-B,15:21,0.02017520573400584,7534
Others,HLA-B,35:03,0.01871515795062384,7534
Others,HLA-B,07:05,0.018316963100610567,7534
Others,HLA-B,15:35,0.01791876825059729,7534
Others,HLA-B,40:06,0.01752057340058402,7534
Others,HLA-B,15:13,0.015927794000530928,7534
Others,HLA-B,55:01,0.01247677196708256,7534
Others,HLA-B,13:02,0.011680382267056012,7534
Others,HLA-B,27:05,0.011680382267056012,7534
Others,HLA-B,37:01,0.010883992567029467,7534
Others,HLA-B,48:01,0.010485797717016193,7534
Others,HLA-B,27:06,0.009954871250331829,7534
Others,HLA-B,15:25,0.009689408016989648,7534
Others,HLA-B,14:02,0.009556676400318556,7534
Others,HLA-B,54:01,0.009556676400318556,7534
Others,HLA-B,55:02,0.008627555083620918,7534
Others,HLA-B,51:02,0.008494823466949828,7534
Others,HLA-B,39:01,0.008362091850278737,7534
Others,HLA-B,50:01,0.008096628616936554,7534
Others,HLA-B,27:04,0.00756570215025219,7534
Others,HLA-B,38:01,0.007167507300238917,7534
Others,HLA-B,56:01,0.005574727900185824,7534
Others,HLA-B,49:01,0.005309264666843642,7534
Others,HLA-B,18:02,0.00504380143350146,7534
Others,HLA-B,51:06,0.00504380143350146,7534
Others,HLA-B,15:17,0.004778338200159278,7534
Others,HLA-B,15:18,0.004645606583488187,7534
Others,HLA-B,15:32,0.004645606583488187,7534
Others,HLA-B,35:02,0.0034510220334483675,7534
Others,HLA-B,14:01,0.0033182904167772765,7534
Others,HLA-B,41:01,0.003185558800106185,7534
Others,HLA-B,53:01,0.002787363950092912,7534
Others,HLA-B,35:30,0.002654632333421821,7534
Others,HLA-B,15:12,0.002389169100079639,7534
Others,HLA-B,35:08,0.002123705866737457,7534
Others,HLA-B,45:01,0.002123705866737457,7534
Others,HLA-B,15:11,0.001990974250066366,7534
Others,HLA-B,41:02,0.0018582426333952748,7534
Others,HLA-B,56:04,0.0018582426333952748,7534
Others,HLA-B,15:05,0.0017255110167241838,7534
Others,HLA-B,15:27,0.0017255110167241838,7534
Others,HLA-B,39:06,0.0017255110167241838,7534
Others,HLA-B,40:10,0.0014600477833820015,7534
Others,HLA-B,15:07,0.0013273161667109105,7534
Others,HLA-B,39:09,0.0010618529333687285,7534
Others,HLA-B,15:06,0.0009291213166976374,7534
Others,HLA-B,59:01,0.0009291213166976374,7534
Others,HLA-B,67:01,0.0009291213166976374,7534
Others,HLA-B,15:10,0.0007963897000265463,7534
Others,HLA-B,15:03,0.0007963897000265463,7534
Others,HLA-B,15:16,0.0007963897000265463,7534
Others,HLA-B,27:07,0.0007963897000265463,7534
Others,HLA-B,73:01,0.0007963897000265463,7534
Others,HLA-B,27:02,0.0006636580833554553,7534
Others,HLA-B,48:03,0.0006636580833554553,7534
Others,HLA-B,39:15,0.0006636580833554553,7534
Others,HLA-B,42:01,0.0005309264666843643,7534
Others,HLA-B,44:05,0.0005309264666843643,7534
Others,HLA-B,15:08,0.0005309264666843643,7534
Others,HLA-B,51:08,0.0005309264666843643,7534
Others,HLA-B,47:01,0.0005309264666843643,7534
Others,HLA-B,39:05,0.00039819485001327314,7534
Others,HLA-B,39:24,0.00039819485001327314,7534
Others,HLA-B,81:01,0.00039819485001327314,7534
Others,HLA-B,51:07,0.00039819485001327314,7534
Others,HLA-B,15:39,0.0002654632333421821,7534
Others,HLA-B,15:09,0.0002654632333421821,7534
Others,HLA-B,44:29,0.0002654632333421821,7534
Others,HLA-B,57:03,0.0002654632333421821,7534
Others,HLA-B,42:02,0.0002654632333421821,7534
Others,HLA-B,15:141,0.0002654632333421821,7534
Others,HLA-B,15:CAVKV,0.0002654632333421821,7534
Others,HLA-B,58:02,0.0002654632333421821,7534
Others,HLA-B,35:20,0.0002654632333421821,7534
Others,HLA-B,37:54,0.0002654632333421821,7534
Others,HLA-B,14:03,0.00013273161667109106,7534
Others,HLA-B,15:24,0.00013273161667109106,7534
Others,HLA-B,40:50,0.00013273161667109106,7534
Others,HLA-B,56:03,0.00013273161667109106,7534
Others,HLA-B,39:23,0.00013273161667109106,7534
Others,HLA-B,40:11,0.00013273161667109106,7534
Others,HLA-B,39:04,0.00013273161667109106,7534
Others,HLA-B,15:56,0.00013273161667109106,7534
Others,HLA-B,39:10,0.00013273161667109106,7534
Others,HLA-B,40:26,0.00013273161667109106,7534
Others,HLA-B,38:64,0.00013273161667109106,7534
Others,HLA-B,51:19,0.00013273161667109106,7534
Others,HLA-B,40:23,0.00013273161667109106,7534
Others,HLA-B,35:43,0.00013273161667109106,7534
Others,HLA-B,18:05,0.00013273161667109106,7534
Others,HLA-B,50:02,0.00013273161667109106,7534
Others,HLA-B,35:12,0.00013273161667109106,7534
Others,HLA-B,57:04,0.00013273161667109106,7534
Others,HLA-B,15:38,0.00013273161667109106,7534
Others,HLA-B,48:04,0.00013273161667109106,7534
Others,HLA-B,55:04,0.00013273161667109106,7534
Others,HLA-B,57:02,0.00013273161667109106,7534
Others,HLA-B,40:12,0.00013273161667109106,7534
Others,HLA-B,40:03,0.00013273161667109106,7534
Others,HLA-B,35:24,0.00013273161667109106,7534
Others,HLA-B,40:CAVMJ,0.00013273161667109106,7534
Others,HLA-B,51:BCZHE,0.00013273161667109106,7534
Others,HLA-B,44:BZEGX,0.00013273161667109106,7534
Others,HLA-B,40:CAVMH,0.00013273161667109106,7534
Others,HLA-B,38:CAVM,0.00013273161667109106,7534
Others,HLA-B,55:12,0.00013273161667109106,7534
Others,HLA-C,07:02,0.16724183700557474,7534
Others,HLA-C,04:01,0.11215821608707194,7534
Others,HLA-C,08:01,0.08428457658614281,7534
Others,HLA-C,07:01,0.07618794796920626,7534
Others,HLA-C,01:02,0.06543668701884789,7534
Others,HLA-C,03:04,0.06410937085213698,7534
Others,HLA-C,06:02,0.056941863551898064,7534
Others,HLA-C,03:03,0.03889036368462968,7534
Others,HLA-C,15:02,0.03835943721794532,7534
Others,HLA-C,03:02,0.03809397398460313,7534
Others,HLA-C,04:03,0.03490841518449695,7534
Others,HLA-C,12:02,0.03331563578444385,7534
Others,HLA-C,12:03,0.029333687284311124,7534
Others,HLA-C,14:02,0.02681178656756039,7534
Others,HLA-C,05:01,0.026546323334218212,7534
Others,HLA-C,07:04,0.025617202017520574,7534
Others,HLA-C,02:02,0.01380408813379347,7534
Others,HLA-C,08:02,0.013007698433766923,7534
Others,HLA-C,16:01,0.009822139633660737,7534
Others,HLA-C,15:05,0.00756570215025219,7534
Others,HLA-C,16:02,0.00623838598354128,7534
Others,HLA-C,04:06,0.005574727900185824,7534
Others,HLA-C,17:01,0.005309264666843642,7534
Others,HLA-C,12:04,0.004380143350146005,7534
Others,HLA-C,14:03,0.0034510220334483675,7534
Others,HLA-C,08:03,0.0015927794000530925,7534
Others,HLA-C,07:27,0.0013273161667109105,7534
Others,HLA-C,01:03,0.0011945845500398195,7534
Others,HLA-C,16:04,0.0007963897000265463,7534
Others,HLA-C,02:10,0.0005309264666843643,7534
Others,HLA-C,15:04,0.0005309264666843643,7534
Others,HLA-C,18:01,0.0005309264666843643,7534
Others,HLA-C,03:05,0.00039819485001327314,7534
Others,HLA-C,04:10,0.00039819485001327314,7534
Others,HLA-C,04:BCZHN,0.00039819485001327314,7534
Others,HLA-C,04:AKWXK,0.00039819485001327314,7534
Others,HLA-C,04:JKTU,0.00039819485001327314,7534
Others,HLA-C,15:07,0.0002654632333421821,7534
Others,HLA-C,07:26,0.0002654632333421821,7534
Others,HLA-C,04:CAVNU,0.0002654632333421821,7534
Others,HLA-C,04:BCZH,0.0002654632333421821,7534
Others,HLA-C,12:09,0.0002654632333421821,7534
Others,HLA-C,12:05,0.0002654632333421821,7534
Others,HLA-C,07:CAVPF,0.0002654632333421821,7534
Others,HLA-C,03:38,0.00013273161667109106,7534
Others,HLA-C,03:193,0.00013273161667109106,7534
Others,HLA-C,06:86,0.00013273161667109106,7534
Others,HLA-C,03:85,0.00013273161667109106,7534
Others,HLA-C,03:258,0.00013273161667109106,7534
Others,HLA-C,04:04,0.00013273161667109106,7534
Others,HLA-C,03:17,0.00013273161667109106,7534
Others,HLA-C,03:37,0.00013273161667109106,7534
Others,HLA-C,03:CAVNN,0.00013273161667109106,7534
Others,HLA-C,01:06,0.00013273161667109106,7534
Others,HLA-C,07:06,0.00013273161667109106,7534
Others,HLA-C,03:310,0.00013273161667109106,7534
Others,HLA-C,08:16,0.00013273161667109106,7534
Others,HLA-C,12:64,0.00013273161667109106,7534
Others,HLA-C,08:06,0.00013273161667109106,7534
Others,HLA-C,07:CAVPC,0.00013273161667109106,7534
Others,HLA-C,07:XX,0.00013273161667109106,7534
