haplotype,frequency,cluster
02:01|50:01|06:02|07:01|02:01,0.00356337951883919,Cluster_1
01:01|57:01|06:02|07:01|02:01,0.0026729387536844748,Cluster_1
02:01|44:02|05:01|12:01|03:01,0.00356337951883919,Cluster_1
24:07|35:05|04:01|12:02|03:01,0.002606519683523427,Cluster_1
24:02|08:01|07:02|03:01|02:01,0.0070460820130278014,Cluster_1
03:01|07:02|07:02|04:01|03:02,0.0029261202718109053,Cluster_1
11:01|13:02|06:02|07:01|02:01,0.00356337951883919,Cluster_1
26:01|51:01|16:02|03:01|02:01,0.0026725346391293925,Cluster_1
01:01|08:01|07:01|03:01|02:01,0.12154376262787397,Cluster_1
33:03|58:01|03:02|07:01|03:03,0.004670393142880251,Cluster_1
02:06|15:02|08:01|15:01|06:01,0.00356337951883919,Cluster_1
24:02|57:01|06:02|07:01|03:03,0.0018779153674860888,Cluster_1
03:01|07:02|07:02|15:01|06:02,0.012844122329756937,Cluster_1
24:03|51:06|12:04|07:01|03:03,0.00356337951883919,Cluster_1
03:01|07:02|07:02|01:01|05:01,0.0025293394303578932,Cluster_1
02:01|40:01|03:04|13:02|06:04,0.0026177460016373042,Cluster_1
24:02|07:02|07:02|15:01|06:02,0.002361003543610381,Cluster_1
11:01|51:01|15:02|14:01|05:03,0.0026725346391293925,Cluster_1
02:07|46:01|01:02|09:01|03:03,0.00356337951883919,Cluster_1
01:01|57:01|06:02|07:01|03:03,0.051251360406794906,Cluster_1
11:01|54:01|01:02|04:05|04:01,0.004454224398548988,Cluster_1
03:01|50:01|06:02|07:01|02:01,0.0027211840684289584,Cluster_1
02:01|27:05|02:02|01:01|05:01,0.00186746007344028,Cluster_1
33:03|44:03|07:01|07:01|02:01,0.10237950242456242,Cluster_1
23:01|44:03|04:01|07:01|02:01,0.01069013855651757,Cluster_1
26:01|27:05|01:02|16:01|05:02,0.0026725346391293925,Cluster_1
03:01|44:03|04:01|07:01|02:01,0.0029159839359700172,Cluster_1
33:03|44:03|07:01|15:01|06:01,0.002164335161589327,Cluster_1
01:01|52:01|12:02|15:02|06:01,0.0035723861831384257,Cluster_1
11:01|08:01|07:02|03:01|02:01,0.011661660460877946,Cluster_1
33:03|44:03|07:01|03:01|02:01,0.0026745142271675016,Cluster_1
11:01|52:01|12:02|04:03|03:02,0.00267253463913065,Cluster_1
03:01|07:02|07:02|03:01|02:01,0.014584457007618139,Cluster_1
24:07|35:05|04:01|07:01|02:01,0.0054110648522577584,Cluster_1
11:01|35:03|12:03|03:01|02:01,0.008908448797097976,Cluster_1
30:01|13:02|06:02|15:01|06:02,0.002036863842529893,Cluster_1
02:01|37:01|06:02|07:01|02:01,0.0026725346391293925,Cluster_1
33:03|58:01|03:02|07:01|02:01,0.002680662748577233,Cluster_1
33:03|52:01|12:02|07:01|02:01,0.00356337951883919,Cluster_1
24:07|35:05|04:01|03:01|02:01,0.004668976843484223,Cluster_1
11:01|51:01|14:02|14:04|05:03,0.00356337951883919,Cluster_1
01:01|27:05|01:02|01:01|05:01,0.0035600077051093754,Cluster_1
02:01|44:03|04:01|07:01|02:01,0.004204055122411649,Cluster_1
02:05|51:01|14:02|03:01|02:01,0.0022271121992739687,Cluster_1
02:11|35:03|04:01|07:01|02:01,0.0026725346391293925,Cluster_1
11:01|37:01|06:02|10:01|05:01,0.0026725346391293925,Cluster_1
02:01|40:01|03:04|03:01|02:01,0.003645715393518031,Cluster_1
02:05|50:01|06:02|07:01|02:01,0.011135560996372994,Cluster_1
02:01|44:02|05:01|04:04|03:02,0.0026725346391293925,Cluster_1
33:03|58:01|03:02|03:01|02:01,0.10154923945463182,Cluster_1
02:02|15:16|14:02|01:02|05:01,0.0026725346391293925,Cluster_1
32:01|14:01|08:02|07:01|02:01,0.007042641835848712,Cluster_1
23:01|38:01|04:01|03:01|02:01,0.0026725346391293925,Cluster_1
34:01|15:21|04:03|15:02|06:01,0.008017603917388177,Cluster_1
02:01|44:03|16:01|07:01|02:01,0.0071346014539218116,Cluster_1
03:01|44:03|16:01|07:01|02:01,0.0026725346391293925,Cluster_1
03:01|14:02|08:02|07:01|02:01,0.00267252309291201,Cluster_1
29:02|44:03|16:01|15:01|06:02,0.0027680866468456195,Cluster_1
26:01|08:01|07:02|03:01|02:01,0.027615690736638943,Cluster_1
33:03|58:01|03:02|13:02|06:09,0.022394173261187377,Cluster_1
02:11|40:06|15:02|15:01|06:01,0.0050841468539771,Cluster_1
02:01|18:01|05:01|03:01|02:01,0.002672534639129391,Cluster_1
02:01|07:02|07:02|15:01|06:02,0.00696348352082362,Cluster_1
02:07|58:01|03:02|03:01|02:01,0.00356337951883919,Cluster_1
02:01|44:02|05:01|04:01|03:01,0.013362673195646962,Cluster_1
02:01|50:01|06:02|03:01|02:01,0.004454224398548988,Cluster_1
11:01|40:01|03:04|07:01|02:01,0.0026725346391293916,Cluster_1
01:01|08:01|07:01|01:01|05:01,0.002713664152143957,Cluster_1
30:02|18:01|05:01|03:01|02:01,0.013362673195646962,Cluster_1
29:02|44:03|16:01|07:01|02:01,0.02839711209986366,Cluster_1
01:01|07:02|07:02|15:01|06:02,0.0048519192305348435,Cluster_1
25:01|18:01|12:03|03:01|02:01,0.006235914157968582,Cluster_1
02:01|40:01|07:02|03:01|02:01,0.001871813236268532,Cluster_1
24:07|08:01|07:02|03:01|02:01,0.0026725346391293864,Cluster_1
01:01|08:01|07:01|13:01|06:03,0.002024632196206418,Cluster_1
11:01|44:02|05:01|04:01|03:01,0.0026725346391293925,Cluster_1
02:01|07:02|07:02|07:01|02:01,0.005399676836726113,Cluster_1
24:02|07:02|07:02|07:01|02:01,0.008721848472327088,Cluster_1
11:01|57:01|06:02|07:01|03:03,0.0025918576144788145,Cluster_1
26:01|50:01|06:02|07:01|02:01,0.0022271121992739687,Cluster_1
02:01|13:02|06:02|07:01|02:01,0.016322157763425896,Cluster_1
24:02|58:01|03:02|03:01|02:01,0.006235914157968582,Cluster_1
68:01|51:01|15:02|03:01|02:01,0.003233271990373272,Cluster_1
24:02|08:01|07:01|03:01|02:01,0.005504374389126651,Cluster_1
03:01|35:01|04:01|01:01|05:01,0.00356337951883919,Cluster_1
24:02|13:02|06:02|07:01|02:01,0.0018398007840823725,Cluster_1
01:01|58:01|03:02|03:01|02:01,0.003206379314125821,Cluster_1
01:01|08:01|07:01|07:01|03:03,0.00188073823152884,Cluster_1
11:01|58:01|03:02|03:01|02:01,0.0026725346391281357,Cluster_1
02:01|51:01|15:02|11:04|03:01,0.0026725346391293925,Cluster_1
02:01|08:01|07:01|03:01|02:01,0.027519325115335495,Cluster_1
02:01|14:01|08:02|07:01|02:01,0.0026878813487870544,Cluster_1
02:01|39:01|07:02|07:01|02:01,0.00356337951883919,Cluster_1
24:02|44:03|07:01|07:01|02:01,0.004479436706695014,Cluster_1
02:01|15:01|03:04|04:01|03:02,0.00356337951883919,Cluster_1
01:01|07:02|07:02|07:01|02:01,0.0019116113834114314,Cluster_1
01:01|44:03|07:01|07:01|02:01,0.002171639620032405,Cluster_1
01:01|15:17|07:01|13:02|06:04,0.006235914157968582,Cluster_1
11:01|13:01|03:04|16:02|05:02,0.00356337951883919,Cluster_1
01:01|08:01|07:01|13:02|06:04,0.0027688576660603614,Cluster_1
11:01|44:03|07:01|07:01|02:01,0.008908362235930575,Cluster_1
02:01|52:01|12:02|04:03|03:02,0.0026725346391281357,Cluster_1
33:03|58:01|03:02|04:03|03:02,0.006235914157968582,Cluster_1
02:01|44:02|05:01|04:03|03:02,0.0026725346391293925,Cluster_1
11:01|15:01|04:01|04:06|03:02,0.0026725346391293925,Cluster_1
01:01|08:01|07:01|15:01|06:02,0.004765782962435833,Cluster_1
24:02|35:03|04:01|03:01|02:01,0.004454224398548989,Cluster_1
24:07|44:03|07:01|07:01|02:01,0.0026725346391293925,Cluster_1
02:01|57:01|06:02|07:01|03:03,0.009307154409010558,Cluster_1
02:01|44:02|05:01|07:01|02:01,0.004454224408369707,Cluster_1
33:03|44:03|07:01|12:02|03:01,0.0018975693623246744,Cluster_1
24:02|46:01|01:02|09:01|03:03,0.0026725346391293925,Cluster_1
01:01|37:01|06:02|07:01|02:01,0.006235914157968582,Cluster_1
01:01|08:01|07:01|07:01|02:01,0.007143537893241281,Cluster_1
24:02|44:03|04:01|07:01|02:01,0.00356337951883919,Cluster_1
03:01|08:01|07:01|03:01|02:01,0.0027986025307307643,Cluster_1
11:01|15:02|08:01|07:01|02:01,0.0036340052432967214,Cluster_1
30:01|13:02|06:02|07:01|02:01,0.02235905651964961,Cluster_1
30:02|51:01|16:01|07:01|02:01,0.0026725346391293925,Cluster_1
01:01|18:01|07:01|11:04|03:01,0.0018662048797437219,Cluster_1
32:01|37:01|06:02|03:01|02:01,0.0026725346391293925,Cluster_1
33:03|44:03|14:03|13:02|06:04,0.005345069278258785,Cluster_1
01:01|07:02|07:02|11:01|03:01,0.002426579191128089,Cluster_2
11:02|15:02|08:01|12:02|03:01,0.003301263045333832,Cluster_2
01:01|37:01|06:02|12:02|03:01,0.0032354389215040412,Cluster_2
11:01|15:01|04:01|11:01|03:01,0.002426579191128031,Cluster_2
24:02|35:05|04:01|12:02|03:01,0.007505181389122225,Cluster_2
01:01|57:01|06:02|12:02|03:01,0.002426579191128031,Cluster_2
02:07|46:01|01:02|09:01|03:03,0.012536408503190743,Cluster_2
11:01|38:02|07:02|15:02|05:02,0.005871016362167747,Cluster_2
24:02|15:35|07:02|15:02|05:02,0.004044298651879773,Cluster_2
02:01|15:01|03:03|13:01|06:03,0.0032354389215040412,Cluster_2
24:02|18:02|07:04|12:02|03:01,0.0023959558694390567,Cluster_2
24:07|27:06|03:04|12:02|03:01,0.010473864694897486,Cluster_2
11:01|15:25|04:03|12:02|03:01,0.010015654068066938,Cluster_2
02:07|13:01|03:04|12:02|03:01,0.002426579191128031,Cluster_2
24:10|18:02|07:04|12:02|03:01,0.013090006021549774,Cluster_2
32:01|35:01|04:01|11:01|03:01,0.0032354389215040412,Cluster_2
29:01|07:05|15:05|10:01|05:01,0.0056620181126320725,Cluster_2
26:01|51:02|14:02|12:02|03:01,0.0032354389215040412,Cluster_2
33:03|58:01|03:02|13:02|06:09,0.016177194607520207,Cluster_2
34:01|38:02|07:27|15:02|05:02,0.002426579191128031,Cluster_2
11:01|51:02|14:02|12:02|03:01,0.006131485475735792,Cluster_2
24:02|15:13|08:01|12:02|03:01,0.007531230253366806,Cluster_2
02:01|51:01|02:02|11:01|03:01,0.002426579191128031,Cluster_2
11:01|07:05|07:02|12:02|03:01,0.002426579191128031,Cluster_2
11:01|44:02|05:01|04:01|03:01,0.0024265791911280694,Cluster_2
01:01|38:02|07:02|12:02|03:01,0.002426579191128031,Cluster_2
11:01|52:01|12:02|11:04|03:01,0.002426579191128031,Cluster_2
24:10|35:30|04:01|12:02|05:02,0.0032354389215062166,Cluster_2
11:01|13:01|04:06|15:02|05:01,0.0036110030004513445,Cluster_2
02:06|48:03|08:01|11:01|03:01,0.002426579191128031,Cluster_2
24:02|51:01|14:02|14:03|03:01,0.002426579191128031,Cluster_2
24:02|38:02|07:02|11:01|06:01,0.0032354389215040412,Cluster_2
02:01|40:06|15:02|11:01|03:01,0.002426579191128031,Cluster_2
24:10|18:02|07:04|11:06|03:01,0.002426579191128031,Cluster_2
24:07|18:01|07:04|12:02|03:01,0.004124376515114466,Cluster_2
34:01|38:02|07:02|15:02|05:02,0.0038876485881305135,Cluster_2
11:01|13:01|03:04|15:01|06:01,0.002938629598238633,Cluster_2
24:02|40:02|15:02|04:05|05:03,0.004044298651880052,Cluster_2
24:02|56:04|01:02|15:02|05:02,0.0024265791911120263,Cluster_2
11:01|15:01|04:01|04:06|03:02,0.002401824865664768,Cluster_2
24:02|51:01|04:01|04:05|04:01,0.0032354389215040412,Cluster_2
24:02|13:01|03:04|12:02|03:01,0.012068143969029855,Cluster_2
01:01|35:03|04:01|11:01|03:01,0.0032354389215040412,Cluster_2
33:03|58:01|03:02|12:01|03:01,0.002426579191128031,Cluster_2
24:02|13:01|04:06|12:02|03:01,0.0024265791911280373,Cluster_2
02:03|15:02|08:01|12:02|03:01,0.006470877843008111,Cluster_2
24:02|40:01|04:01|12:02|03:01,0.0040442986518800655,Cluster_2
34:01|15:35|07:02|04:05|04:02,0.002426579191128031,Cluster_2
24:02|55:01|03:03|04:01|03:01,0.002426579191128031,Cluster_2
02:01|48:01|08:01|11:01|03:01,0.003018752830373382,Cluster_2
24:02|38:02|07:02|12:02|03:01,0.012851801140642855,Cluster_2
24:07|18:01|07:04|15:02|05:01,0.0021805491503637596,Cluster_2
33:03|58:01|03:02|12:02|03:01,0.0032354389215040412,Cluster_2
11:01|46:01|01:02|09:01|03:03,0.0032354389215040412,Cluster_2
33:03|58:01|03:02|11:01|03:01,0.0032354389215040412,Cluster_2
24:03|51:06|12:04|07:01|03:03,0.0032354389215040412,Cluster_2
11:01|18:01|07:04|12:02|03:01,0.0034529292014045736,Cluster_2
02:01|44:02|05:01|11:01|03:01,0.0064708778430080825,Cluster_2
24:02|07:02|07:02|15:01|06:02,0.0022258448695213345,Cluster_2
01:01|57:01|06:02|07:01|03:03,0.007279737573384093,Cluster_2
24:02|40:01|03:04|04:04|03:02,0.0032354389215040412,Cluster_2
02:06|51:01|14:02|12:02|03:01,0.0032354389215040412,Cluster_2
24:02|48:01|08:01|12:02|03:01,0.002426579191128031,Cluster_2
26:01|38:02|07:02|15:02|05:01,0.002383838198855433,Cluster_2
24:02|48:01|08:01|11:01|03:01,0.017906050194213576,Cluster_2
11:01|18:01|07:04|15:02|05:01,0.003494461934464295,Cluster_2
24:02|38:02|07:02|15:02|05:02,0.004142313504909551,Cluster_2
02:03|18:01|07:04|12:02|03:01,0.002426579191128031,Cluster_2
11:01|15:13|08:01|12:02|03:01,0.006511818958499486,Cluster_2
02:03|27:06|07:02|12:02|03:01,0.0064708778430080825,Cluster_2
02:01|44:02|05:01|04:01|03:01,0.02366632563287502,Cluster_2
11:01|35:05|04:01|12:02|03:01,0.005618527210594409,Cluster_2
02:07|46:01|01:02|12:02|03:01,0.005258505565081483,Cluster_2
34:01|35:05|04:01|12:02|03:01,0.008553765083983648,Cluster_2
02:01|52:01|12:02|15:02|06:01,0.003931901970017943,Cluster_2
02:07|46:01|01:02|11:01|03:01,0.0056620181126320725,Cluster_2
02:01|40:01|03:04|12:02|03:01,0.0032354389215040412,Cluster_2
11:01|18:01|07:01|11:01|03:01,0.004853158382256062,Cluster_2
24:07|07:05|07:02|12:02|03:01,0.004853158382256062,Cluster_2
11:01|13:01|04:03|12:02|03:01,0.008897457034136113,Cluster_2
24:02|41:01|17:01|12:01|03:01,0.002426579191128031,Cluster_2
24:02|35:02|04:01|11:04|03:01,0.0032354389215040412,Cluster_2
24:07|38:02|08:01|12:02|03:01,0.002471382519033632,Cluster_2
02:07|15:02|08:01|12:02|03:01,0.0032354389215040412,Cluster_2
02:01|51:01|16:04|04:08|03:01,0.0032354389215040412,Cluster_2
11:01|40:01|07:02|12:02|03:01,0.00943669685438679,Cluster_2
11:01|35:03|12:03|12:02|03:01,0.004044298651880052,Cluster_2
02:01|15:02|08:01|12:02|03:01,0.011457635551495354,Cluster_2
24:02|40:02|03:04|11:01|03:01,0.002426579191128031,Cluster_2
34:01|15:21|04:03|15:01|06:02,0.0023903551166795252,Cluster_2
24:02|51:01|14:02|11:01|03:01,0.0032354389215040412,Cluster_2
11:01|40:01|07:02|12:01|03:01,0.005392398202506722,Cluster_2
24:02|35:01|03:03|04:03|03:02,0.0032354389215040412,Cluster_2
11:01|15:02|08:01|15:02|03:01,0.0032354389215040412,Cluster_2
24:02|15:02|08:01|12:02|03:01,0.027695810103141996,Cluster_2
34:01|15:21|04:03|12:02|03:01,0.00544278658812625,Cluster_2
11:01|55:01|03:03|04:07|03:01,0.002426579191128031,Cluster_2
24:02|40:01|03:04|11:01|03:01,0.004042105923062118,Cluster_2
11:01|40:01|03:04|11:01|03:01,0.002426579191128031,Cluster_2
02:01|07:02|07:02|11:01|03:01,0.0024820240526739847,Cluster_2
66:01|41:02|17:01|13:03|03:01,0.002426579191128031,Cluster_2
02:07|46:01|01:02|15:01|06:01,0.002426579191128031,Cluster_2
34:01|15:21|04:03|15:02|06:01,0.01209458217585909,Cluster_2
02:01|35:01|04:01|13:01|06:03,0.0032354389215040412,Cluster_2
24:07|15:02|08:01|12:02|03:01,0.02232348028753874,Cluster_2
02:01|40:01|03:04|04:01|03:01,0.0032354389215040412,Cluster_2
11:01|46:01|01:02|12:02|03:01,0.002426579191128031,Cluster_2
02:01|18:01|12:03|11:04|03:01,0.002426579191128031,Cluster_2
11:01|18:02|07:04|12:02|03:01,0.003235438921504036,Cluster_2
24:02|40:01|03:04|09:01|03:03,0.002426579191128031,Cluster_2
02:01|07:02|07:02|15:01|06:02,0.006542469801718951,Cluster_2
68:02|14:02|08:02|13:03|03:01,0.002426579191128031,Cluster_2
03:01|07:02|07:02|11:01|03:01,0.003182186788775964,Cluster_2
24:02|51:01|14:02|12:02|03:01,0.004853158382255905,Cluster_2
11:01|52:01|12:02|11:01|03:01,0.0056620181126320725,Cluster_2
02:01|13:01|03:04|12:02|03:01,0.003596720517662544,Cluster_2
02:03|40:01|04:03|12:02|03:01,0.004044298651880052,Cluster_2
11:01|15:02|08:01|13:12|03:01,0.004853158382256062,Cluster_2
24:02|07:02|07:02|07:01|02:01,0.0032354389215040412,Cluster_2
02:01|15:13|08:01|12:02|03:01,0.03527342349557161,Cluster_2
24:02|27:06|07:02|15:02|05:01,0.0024265791911280282,Cluster_2
33:03|15:13|08:01|12:02|03:01,0.0022557233049370325,Cluster_2
02:01|13:01|03:04|11:01|03:01,0.004044298651880052,Cluster_2
31:13|40:01|03:04|11:01|03:01,0.004853158382256062,Cluster_2
24:02|18:01|07:04|12:02|03:01,0.011127162186081042,Cluster_2
11:01|15:02|08:01|12:02|03:01,0.08443419747772725,Cluster_2
24:02|13:01|04:03|12:02|03:01,0.0032354389215040412,Cluster_2
02:06|15:02|08:01|12:02|03:01,0.010515176494888123,Cluster_2
01:01|15:17|07:01|13:02|06:04,0.002426579191128031,Cluster_2
34:01|40:02|15:02|15:02|05:02,0.0032168331949728986,Cluster_2
02:06|15:25|07:02|12:02|03:01,0.002426579191128031,Cluster_2
11:01|38:02|07:02|12:02|03:01,0.005056666543366903,Cluster_2
02:01|44:02|05:01|12:01|03:01,0.0032354389215040412,Cluster_2
24:07|35:05|04:01|12:02|03:01,0.09097241340948121,Cluster_2
24:07|35:05|04:01|11:01|03:01,0.008786525625844123,Cluster_2
11:01|51:01|14:02|12:02|03:01,0.0032354389215040412,Cluster_2
24:02|40:01|07:02|12:02|03:01,0.0023535796427207275,Cluster_2
34:01|15:21|04:03|15:02|05:02,0.004779539686715069,Cluster_2
11:01|15:02|08:01|15:01|06:01,0.005948500808731983,Cluster_2
03:01|35:03|04:01|11:01|03:01,0.002426579191128031,Cluster_2
24:02|27:06|03:04|12:02|03:01,0.004044298651880052,Cluster_2
24:07|15:02|08:01|15:01|06:01,0.002236338718648715,Cluster_2
24:07|51:02|14:02|12:02|03:01,0.002765971558400321,Cluster_2
11:02|27:04|12:02|12:02|03:01,0.008088597303760114,Cluster_2
24:02|40:01|04:01|04:03|03:02,0.004443408245985622,Cluster_2
33:03|58:01|03:02|03:01|02:01,0.0056620181126320725,Cluster_2
11:01|27:06|03:04|12:02|03:01,0.0032354389215040412,Cluster_2
24:02|35:01|04:01|11:01|03:01,0.002426579191128031,Cluster_2
02:11|40:06|15:02|15:01|06:01,0.0032354389215040412,Cluster_2
11:01|15:02|08:01|12:02|05:02,0.004208395317057594,Cluster_2
11:01|13:01|03:04|12:02|03:01,0.008088597303760103,Cluster_2
03:01|35:01|04:01|01:01|05:01,0.0032354389215040412,Cluster_2
11:01|15:35|07:02|15:02|05:02,0.0029728759601730824,Cluster_2
11:01|40:01|07:02|04:05|04:01,0.0023759442957383193,Cluster_2
03:01|07:02|07:02|07:01|02:01,0.002426579191128031,Cluster_2
24:07|15:25|04:03|15:02|05:01,0.002427065491177542,Cluster_2
24:07|15:13|08:01|12:02|03:01,0.007474572877887886,Cluster_2
02:01|27:05|01:02|11:01|03:01,0.002426579191128031,Cluster_2
24:07|35:05|04:01|15:02|05:02,0.003808668994428407,Cluster_2
03:02|35:01|04:01|11:01|03:01,0.002426579191128031,Cluster_2
24:02|44:02|05:01|04:01|03:01,0.0026579368344237016,Cluster_2
24:07|35:05|04:01|12:02|05:02,0.002448955871890872,Cluster_2
02:01|44:02|05:01|01:01|05:01,0.0025231024600247515,Cluster_2
03:01|40:01|03:04|13:02|06:04,0.002426579191128031,Cluster_2
02:01|15:01|03:04|15:01|06:02,0.002426579191128031,Cluster_2
02:01|40:01|15:02|11:01|03:01,0.015368334877144195,Cluster_2
11:03|52:01|07:02|12:02|03:01,0.00255386960747635,Cluster_2
33:03|44:03|14:03|13:02|06:04,0.002426579191128031,Cluster_2
24:02|27:06|03:04|15:02|05:02,0.0037504341689825918,Cluster_3
24:02|40:01|03:04|04:05|04:01,0.006670149916987158,Cluster_3
31:01|35:03|04:01|13:01|06:03,0.004684871887716914,Cluster_3
01:01|37:01|06:02|14:01|05:03,0.003123247925144609,Cluster_3
02:06|15:02|08:01|15:01|06:01,0.00312324702044246,Cluster_3
11:01|52:01|07:02|15:02|06:01,0.003123247925144609,Cluster_3
02:06|52:01|12:02|15:02|06:01,0.002922407817160038,Cluster_3
34:05|38:02|07:02|15:02|05:02,0.0030091442830126546,Cluster_3
03:01|07:02|07:02|01:01|05:01,0.005334204356611062,Cluster_3
68:01|15:32|12:03|04:06|03:02,0.003123247925144609,Cluster_3
02:03|13:01|03:04|15:01|06:01,0.003123247925144609,Cluster_3
02:07|46:01|01:02|09:01|03:03,0.04726895213981709,Cluster_3
11:01|38:02|07:27|15:02|05:02,0.003123247925144609,Cluster_3
11:01|40:01|07:02|08:03|06:01,0.002912234349927609,Cluster_3
11:01|38:02|07:02|15:02|05:02,0.019044620305021027,Cluster_3
24:02|15:35|07:02|15:02|05:02,0.006410980145265905,Cluster_3
02:01|51:01|15:02|15:01|06:02,0.0031232479251445903,Cluster_3
24:07|40:01|04:01|15:02|05:01,0.002437912869853975,Cluster_3
24:02|35:03|12:03|13:01|06:03,0.004456177452367564,Cluster_3
02:01|35:01|04:01|01:01|05:01,0.005915509040914986,Cluster_3
29:01|07:05|15:05|10:01|05:01,0.021862735476012266,Cluster_3
24:02|40:06|08:01|09:01|03:03,0.004684871887716914,Cluster_3
33:03|58:01|03:02|13:02|06:09,0.014015206036400194,Cluster_3
11:01|15:32|12:03|15:04|05:02,0.0039040599064307617,Cluster_3
02:06|52:01|12:02|07:01|03:03,0.003123247925144609,Cluster_3
02:01|35:01|03:03|04:03|03:02,0.0039040599064307617,Cluster_3
03:01|50:01|06:02|04:03|03:02,0.006246495850289218,Cluster_3
24:10|35:30|04:01|12:02|05:02,0.004684871887716914,Cluster_3
11:01|13:01|04:06|15:02|05:01,0.004684871887348453,Cluster_3
24:02|38:02|07:02|15:02|05:01,0.01051491738831278,Cluster_3
11:01|07:05|07:02|15:02|05:01,0.0029867167492627863,Cluster_3
24:02|52:01|12:02|15:02|06:01,0.007853619993673212,Cluster_3
11:01|13:01|03:04|16:02|05:02,0.004899751072463033,Cluster_3
34:01|38:02|07:02|15:02|05:02,0.013008454370785417,Cluster_3
11:01|13:01|03:04|15:01|06:01,0.00958185265892555,Cluster_3
24:02|40:02|15:02|04:05|05:03,0.008469912664017596,Cluster_3
34:01|15:21|04:03|09:01|03:03,0.0031232479251449767,Cluster_3
02:01|40:06|15:02|15:02|06:01,0.003123247925144609,Cluster_3
11:01|15:01|04:01|04:06|03:02,0.009296251154653823,Cluster_3
02:06|52:01|12:02|14:54|05:03,0.004684871887716914,Cluster_3
11:01|15:02|08:01|09:01|03:03,0.012371463048809666,Cluster_3
34:01|15:35|07:02|04:05|04:02,0.007508743072102316,Cluster_3
24:07|18:01|07:04|15:02|05:01,0.009819901545682495,Cluster_3
24:02|57:01|06:02|07:01|03:03,0.002492700898473464,Cluster_3
33:01|14:02|08:02|01:02|05:01,0.010931367738006133,Cluster_3
11:01|35:01|04:01|01:01|05:01,0.009369743766906928,Cluster_3
24:03|51:06|12:04|07:01|03:03,0.011712179719292285,Cluster_3
24:02|07:02|07:02|15:01|06:02,0.008408466323900505,Cluster_3
24:02|51:01|14:02|09:01|03:03,0.0046848718865944985,Cluster_3
01:01|57:01|06:02|07:01|03:03,0.014817916277526988,Cluster_3
11:01|54:01|01:02|04:05|04:01,0.003123247925144442,Cluster_3
29:02|07:02|07:02|15:01|06:02,0.0039040599064307617,Cluster_3
24:02|40:01|04:01|09:01|03:03,0.003172598760875397,Cluster_3
24:02|38:02|07:02|08:03|06:01,0.0028578873600300495,Cluster_3
11:01|15:35|07:02|04:03|03:02,0.00390405990642776,Cluster_3
11:01|51:01|14:02|08:03|06:01,0.0038595746446748675,Cluster_3
11:01|18:01|07:04|15:02|05:01,0.005121325691415369,Cluster_3
24:07|35:05|04:01|04:03|03:02,0.002854559767336287,Cluster_3
24:02|38:02|07:02|15:02|05:02,0.03743330392747943,Cluster_3
02:07|46:01|01:02|14:54|05:02,0.006246495850289218,Cluster_3
11:01|07:05|07:02|13:01|06:03,0.0031232479251410744,Cluster_3
24:02|35:08|04:01|01:01|05:01,0.004684871887716914,Cluster_3
02:01|35:01|04:01|14:01|05:03,0.002486195069341231,Cluster_3
24:07|35:05|04:01|09:01|03:03,0.005416595289104934,Cluster_3
02:01|07:02|07:02|01:01|05:01,0.0028119270005094498,Cluster_3
02:01|52:01|12:02|15:02|06:01,0.005465683987976339,Cluster_3
11:01|57:01|06:02|07:01|03:03,0.006894554401734472,Cluster_3
02:07|46:01|01:02|04:05|04:01,0.003123247925144609,Cluster_3
24:02|07:05|07:02|15:02|05:01,0.003316523001911928,Cluster_3
24:02|40:01|07:02|09:01|03:03,0.002801760081848873,Cluster_3
33:03|58:01|03:02|08:03|06:01,0.0025957690059797813,Cluster_3
11:01|35:05|04:01|15:02|05:01,0.0026757871837929798,Cluster_3
24:02|07:02|07:02|13:01|06:03,0.0024704462867002866,Cluster_3
02:01|57:01|06:02|07:01|03:03,0.0029825087918517474,Cluster_3
24:02|46:01|01:02|09:01|03:03,0.009739919599588578,Cluster_3
02:01|18:01|07:04|15:02|05:01,0.003798260003440702,Cluster_3
11:02|27:04|12:02|09:01|03:03,0.0039040599064307617,Cluster_3
11:01|15:25|04:03|15:01|05:02,0.0062464958502889845,Cluster_3
03:02|18:01|15:02|07:01|02:02,0.004684871887716914,Cluster_3
32:01|35:01|04:01|01:01|05:01,0.0029981330498079863,Cluster_3
34:01|15:21|04:03|15:02|05:01,0.002838865096036228,Cluster_3
03:01|40:01|03:04|04:04|03:02,0.003904059903474008,Cluster_3
11:01|07:05|07:02|15:01|05:02,0.006189751949411664,Cluster_3
11:01|40:01|07:02|15:02|05:01,0.005370177515267434,Cluster_3
11:01|40:01|07:02|09:01|03:03,0.006412521910684899,Cluster_3
24:02|40:02|03:04|15:01|06:02,0.0031232281237587468,Cluster_3
02:07|46:01|01:02|08:03|06:01,0.014835427644435729,Cluster_3
24:07|15:02|08:01|15:02|05:01,0.007027475913116952,Cluster_3
26:01|38:01|12:03|13:01|06:03,0.0031232479251444728,Cluster_3
11:01|35:05|04:01|15:02|05:02,0.0026305509587414046,Cluster_3
24:02|54:01|01:02|04:05|04:01,0.010886827880761566,Cluster_3
02:07|46:01|01:02|15:02|05:02,0.004777557021171115,Cluster_3
24:02|15:35|08:01|15:02|05:01,0.005465683869003367,Cluster_3
34:01|15:21|04:03|15:02|06:01,0.029429510510946992,Cluster_3
02:01|07:02|07:02|15:01|06:02,0.020020604162409503,Cluster_3
34:01|40:01|04:01|04:03|03:02,0.00289729699247778,Cluster_3
02:07|46:01|01:02|14:01|05:02,0.00398298424836938,Cluster_3
24:02|07:02|07:02|01:01|05:01,0.011579920830871011,Cluster_3
11:01|13:01|03:04|09:01|03:03,0.00445617735394021,Cluster_3
11:01|52:01|12:02|15:02|06:01,0.004639345378366857,Cluster_3
11:01|52:01|12:02|15:01|06:02,0.003123247925144563,Cluster_3
24:02|40:02|07:02|15:02|05:01,0.0058190660000523465,Cluster_3
34:01|51:01|04:01|04:05|04:01,0.004861746008525829,Cluster_3
24:07|35:05|04:01|15:02|05:01,0.007148483183716529,Cluster_3
11:01|52:01|07:02|04:03|03:02,0.0038595793249832444,Cluster_3
11:01|40:01|07:02|14:05|05:03,0.0039040599064307617,Cluster_3
02:01|15:01|03:04|04:01|03:02,0.005368690387120599,Cluster_3
01:01|15:17|07:01|13:02|06:04,0.003123247925144609,Cluster_3
03:01|15:01|03:03|13:01|06:03,0.005349271534524083,Cluster_3
02:03|38:02|07:02|15:02|05:01,0.008913163770181391,Cluster_3
02:01|44:02|05:01|15:01|06:02,0.004684871887715057,Cluster_3
34:01|40:02|15:02|15:02|05:02,0.020093847515450593,Cluster_3
24:02|40:06|15:02|15:02|06:01,0.00312324792507883,Cluster_3
25:01|18:01|12:03|15:01|06:02,0.004684871887529601,Cluster_3
24:02|52:01|12:02|04:03|03:02,0.002990494496424958,Cluster_3
24:02|40:01|03:04|16:02|05:02,0.0039040599121279453,Cluster_3
34:01|15:21|04:03|15:02|05:02,0.015622296862382362,Cluster_3
03:01|07:02|07:02|15:01|06:02,0.028133900091747103,Cluster_3
02:01|40:01|03:04|13:02|06:04,0.0039040599064307617,Cluster_3
24:02|40:02|15:02|15:02|05:02,0.0026040102040330616,Cluster_3
11:01|15:02|08:01|15:01|06:01,0.005521569340814385,Cluster_3
02:07|46:01|01:03|09:01|03:03,0.008588931794147676,Cluster_3
11:01|38:02|07:02|15:02|05:01,0.002505632881346479,Cluster_3
01:01|52:01|12:02|15:02|06:01,0.0060871059564861114,Cluster_3
24:02|40:01|04:01|08:03|06:01,0.0033491987045805322,Cluster_3
02:01|40:01|03:04|04:04|03:02,0.00370529956569817,Cluster_3
01:01|37:01|06:02|10:01|05:01,0.01385377555516617,Cluster_3
02:03|38:02|07:02|08:03|06:01,0.0030787673436970917,Cluster_3
24:07|38:02|07:02|15:02|05:02,0.007099236300828383,Cluster_3
03:01|07:02|07:02|13:01|06:03,0.007808127098921244,Cluster_3
02:01|13:01|03:04|16:02|05:02,0.0039040599064307617,Cluster_3
24:02|40:01|04:01|04:03|03:02,0.01006052926153191,Cluster_3
02:06|27:06|03:04|15:02|05:02,0.003028759268892183,Cluster_3
11:01|40:06|15:02|10:01|05:01,0.0031232479251433187,Cluster_3
11:01|15:21|04:03|15:02|06:01,0.0033645927030687478,Cluster_3
02:03|38:02|07:02|16:02|05:02,0.003123247264134885,Cluster_3
33:03|35:03|04:01|15:02|05:01,0.003123247925144609,Cluster_3
02:01|38:02|07:02|15:02|05:02,0.0033496593256085575,Cluster_3
01:01|08:01|07:01|01:01|05:01,0.003123247925144609,Cluster_3
02:03|40:01|03:03|15:02|05:01,0.003123247925144609,Cluster_3
11:01|55:01|03:03|14:01|05:03,0.0037179202677698987,Cluster_3
11:01|38:02|07:02|09:01|03:03,0.003078767269995369,Cluster_3
03:01|35:01|04:01|01:01|05:01,0.01334695840973521,Cluster_3
11:01|15:35|07:02|15:02|05:02,0.016684866142092684,Cluster_3
11:01|40:01|07:02|04:05|04:01,0.0031203425897006563,Cluster_3
24:02|40:01|07:02|15:01|06:02,0.003790741369323751,Cluster_3
34:01|15:35|07:02|15:02|05:02,0.01305568795913008,Cluster_3
11:01|13:01|04:03|04:05|04:01,0.005464774527730023,Cluster_3
02:01|13:01|03:04|15:01|06:01,0.0024918276310782767,Cluster_3
02:01|44:02|05:01|01:01|05:01,0.0027813422122654726,Cluster_3
33:03|44:03|14:03|13:02|06:04,0.008588931794147676,Cluster_3
