ethnicity,locus,allele,count,total,frequency
Chinese,DQB1,-:,5,88800,5.630630630630631e-05
Chinese,DQB1,02:01,9723,88800,0.10949324324324325
Chinese,DQB1,02:02,5,88800,5.630630630630631e-05
Chinese,DQB1,02:75,1,88800,1.1261261261261261e-05
Chinese,DQB1,03:01,20309,88800,0.22870495495495496
Chinese,DQB1,03:02,6968,88800,0.07846846846846847
Chinese,DQB1,03:03,13712,88800,0.15441441441441442
Chinese,DQB1,03:04,2,88800,2.2522522522522523e-05
Chinese,DQB1,03:05,11,88800,0.00012387387387387388
Chinese,DQB1,03:10,3,88800,3.3783783783783784e-05
Chinese,DQB1,03:108,1,88800,1.1261261261261261e-05
Chinese,DQB1,03:13,49,88800,0.0005518018018018018
Chinese,DQB1,03:17,9,88800,0.00010135135135135135
Chinese,DQB1,03:258,2,88800,2.2522522522522523e-05
Chinese,DQB1,03:26,8,88800,9.009009009009009e-05
Chinese,DQB1,03:274,1,88800,1.1261261261261261e-05
Chinese,DQB1,03:34,3,88800,3.3783783783783784e-05
Chinese,DQB1,03:57,1,88800,1.1261261261261261e-05
Chinese,DQB1,03:BMSUA,2,88800,2.2522522522522523e-05
Chinese,DQB1,03:CAVTB,1,88800,1.1261261261261261e-05
Chinese,DQB1,03:CAVTC,3,88800,3.3783783783783784e-05
Chinese,DQB1,03:CVDNR,4,88800,4.5045045045045046e-05
Chinese,DQB1,04:01,5435,88800,0.061204954954954954
Chinese,DQB1,04:02,1361,88800,0.015326576576576576
Chinese,DQB1,04:CEKBY,1,88800,1.1261261261261261e-05
Chinese,DQB1,04:CETHX,1,88800,1.1261261261261261e-05
Chinese,DQB1,05:01,2651,88800,0.029853603603603604
Chinese,DQB1,05:02,8601,88800,0.0968581081081081
Chinese,DQB1,05:03,3654,88800,0.04114864864864865
Chinese,DQB1,05:04,3,88800,3.3783783783783784e-05
Chinese,DQB1,05:116,1,88800,1.1261261261261261e-05
Chinese,DQB1,05:66,1,88800,1.1261261261261261e-05
Chinese,DQB1,05:CEKCA,1,88800,1.1261261261261261e-05
Chinese,DQB1,06:01,10219,88800,0.11507882882882883
Chinese,DQB1,06:02,3159,88800,0.03557432432432432
Chinese,DQB1,06:03,421,88800,0.004740990990990991
Chinese,DQB1,06:04,207,88800,0.002331081081081081
Chinese,DQB1,06:07,1,88800,1.1261261261261261e-05
Chinese,DQB1,06:09,1997,88800,0.022488738738738738
Chinese,DQB1,06:10,252,88800,0.002837837837837838
Chinese,DQB1,06:118,3,88800,3.3783783783783784e-05
Chinese,DQB1,06:174,1,88800,1.1261261261261261e-05
Chinese,DQB1,06:214,1,88800,1.1261261261261261e-05
Chinese,DQB1,06:48,1,88800,1.1261261261261261e-05
Chinese,DQB1,06:74,1,88800,1.1261261261261261e-05
Chinese,DQB1,06:BYFKE,2,88800,2.2522522522522523e-05
Chinese,DQB1,06:CAVTF,2,88800,2.2522522522522523e-05
Chinese,DRB1,01:01,385,88800,0.0043355855855855855
Chinese,DRB1,01:02,13,88800,0.0001463963963963964
Chinese,DRB1,03:01,7349,88800,0.08275900900900901
Chinese,DRB1,03:05,4,88800,4.5045045045045046e-05
Chinese,DRB1,03:06,1,88800,1.1261261261261261e-05
Chinese,DRB1,03:133,1,88800,1.1261261261261261e-05
Chinese,DRB1,03:27,1,88800,1.1261261261261261e-05
Chinese,DRB1,03:33,1,88800,1.1261261261261261e-05
Chinese,DRB1,03:37,1,88800,1.1261261261261261e-05
Chinese,DRB1,04:01,264,88800,0.002972972972972973
Chinese,DRB1,04:02,23,88800,0.000259009009009009
Chinese,DRB1,04:03,2650,88800,0.029842342342342343
Chinese,DRB1,04:04,829,88800,0.009335585585585586
Chinese,DRB1,04:05,6088,88800,0.06855855855855855
Chinese,DRB1,04:06,2736,88800,0.030810810810810812
Chinese,DRB1,04:07,27,88800,0.00030405405405405404
Chinese,DRB1,04:08,16,88800,0.00018018018018018018
Chinese,DRB1,04:09,1,88800,1.1261261261261261e-05
Chinese,DRB1,04:10,161,88800,0.001813063063063063
Chinese,DRB1,04:183,1,88800,1.1261261261261261e-05
Chinese,DRB1,04:80,2,88800,2.2522522522522523e-05
Chinese,DRB1,04:95,2,88800,2.2522522522522523e-05
Chinese,DRB1,04:AFZJW,1,88800,1.1261261261261261e-05
Chinese,DRB1,07:01,2682,88800,0.030202702702702703
Chinese,DRB1,07:13,1,88800,1.1261261261261261e-05
Chinese,DRB1,08:01,6,88800,6.756756756756757e-05
Chinese,DRB1,08:02,475,88800,0.005349099099099099
Chinese,DRB1,08:03,6571,88800,0.07399774774774774
Chinese,DRB1,08:04,7,88800,7.882882882882882e-05
Chinese,DRB1,08:09,615,88800,0.006925675675675676
Chinese,DRB1,08:12,1,88800,1.1261261261261261e-05
Chinese,DRB1,08:14,2,88800,2.2522522522522523e-05
Chinese,DRB1,08:19,1,88800,1.1261261261261261e-05
Chinese,DRB1,08:30,1,88800,1.1261261261261261e-05
Chinese,DRB1,08:32,1,88800,1.1261261261261261e-05
Chinese,DRB1,08:35,2,88800,2.2522522522522523e-05
Chinese,DRB1,08:FTZK,1,88800,1.1261261261261261e-05
Chinese,DRB1,09:01,13281,88800,0.14956081081081082
Chinese,DRB1,09:04,10,88800,0.00011261261261261261
Chinese,DRB1,09:DZUU,3,88800,3.3783783783783784e-05
Chinese,DRB1,10:01,1116,88800,0.012567567567567568
Chinese,DRB1,11:01,6667,88800,0.07507882882882883
Chinese,DRB1,11:03,9,88800,0.00010135135135135135
Chinese,DRB1,11:04,126,88800,0.001418918918918919
Chinese,DRB1,11:05,5,88800,5.630630630630631e-05
Chinese,DRB1,11:06,172,88800,0.0019369369369369369
Chinese,DRB1,11:08,1,88800,1.1261261261261261e-05
Chinese,DRB1,11:106,1,88800,1.1261261261261261e-05
Chinese,DRB1,11:19,1,88800,1.1261261261261261e-05
Chinese,DRB1,11:37,2,88800,2.2522522522522523e-05
Chinese,DRB1,11:45,2,88800,2.2522522522522523e-05
Chinese,DRB1,11:54,2,88800,2.2522522522522523e-05
Chinese,DRB1,12:01,3144,88800,0.035405405405405405
Chinese,DRB1,12:02,9865,88800,0.11109234234234235
Chinese,DRB1,12:08,3,88800,3.3783783783783784e-05
Chinese,DRB1,12:19,1,88800,1.1261261261261261e-05
Chinese,DRB1,12:20,2,88800,2.2522522522522523e-05
Chinese,DRB1,12:27,1,88800,1.1261261261261261e-05
Chinese,DRB1,12:62,1,88800,1.1261261261261261e-05
Chinese,DRB1,12:64,1,88800,1.1261261261261261e-05
Chinese,DRB1,12:BZEBD,2,88800,2.2522522522522523e-05
Chinese,DRB1,12:JV,1,88800,1.1261261261261261e-05
Chinese,DRB1,13:01,412,88800,0.00463963963963964
Chinese,DRB1,13:02,2213,88800,0.02492117117117117
Chinese,DRB1,13:03,3,88800,3.3783783783783784e-05
Chinese,DRB1,13:05,4,88800,4.5045045045045046e-05
Chinese,DRB1,13:07,28,88800,0.0003153153153153153
Chinese,DRB1,13:118,1,88800,1.1261261261261261e-05
Chinese,DRB1,13:12,521,88800,0.005867117117117117
Chinese,DRB1,13:13,1,88800,1.1261261261261261e-05
Chinese,DRB1,13:14,1,88800,1.1261261261261261e-05
Chinese,DRB1,13:19,2,88800,2.2522522522522523e-05
Chinese,DRB1,13:228,1,88800,1.1261261261261261e-05
Chinese,DRB1,13:50,7,88800,7.882882882882882e-05
Chinese,DRB1,13:51,1,88800,1.1261261261261261e-05
Chinese,DRB1,14:01,3088,88800,0.03477477477477477
Chinese,DRB1,14:02,8,88800,9.009009009009009e-05
Chinese,DRB1,14:03,163,88800,0.0018355855855855855
Chinese,DRB1,14:04,394,88800,0.004436936936936937
Chinese,DRB1,14:05,1834,88800,0.020653153153153154
Chinese,DRB1,14:06,1,88800,1.1261261261261261e-05
Chinese,DRB1,14:07,47,88800,0.0005292792792792793
Chinese,DRB1,14:10,14,88800,0.00015765765765765765
Chinese,DRB1,14:100,1,88800,1.1261261261261261e-05
Chinese,DRB1,14:12,8,88800,9.009009009009009e-05
Chinese,DRB1,14:15,3,88800,3.3783783783783784e-05
Chinese,DRB1,14:18,156,88800,0.0017567567567567568
Chinese,DRB1,14:197N,1,88800,1.1261261261261261e-05
Chinese,DRB1,14:25,10,88800,0.00011261261261261261
Chinese,DRB1,14:44,1,88800,1.1261261261261261e-05
Chinese,DRB1,14:54,20,88800,0.00022522522522522523
Chinese,DRB1,14:61,2,88800,2.2522522522522523e-05
Chinese,DRB1,14:84,2,88800,2.2522522522522523e-05
Chinese,DRB1,14:CEKCY,1,88800,1.1261261261261261e-05
Chinese,DRB1,15:01,7641,88800,0.08604729729729729
Chinese,DRB1,15:02,2460,88800,0.027702702702702704
Chinese,DRB1,15:03,2,88800,2.2522522522522523e-05
Chinese,DRB1,15:04,17,88800,0.00019144144144144144
Chinese,DRB1,15:06,2,88800,2.2522522522522523e-05
Chinese,DRB1,15:07,1,88800,1.1261261261261261e-05
Chinese,DRB1,15:11,1,88800,1.1261261261261261e-05
Chinese,DRB1,15:14,1,88800,1.1261261261261261e-05
Chinese,DRB1,15:ADHVT,3,88800,3.3783783783783784e-05
Chinese,DRB1,15:BFBXD,1,88800,1.1261261261261261e-05
Chinese,DRB1,16:01,30,88800,0.00033783783783783786
Chinese,DRB1,16:02,4344,88800,0.04891891891891892
Chinese,DRB1,16:10,1,88800,1.1261261261261261e-05
Chinese,DRB1,16:35,4,88800,4.5045045045045046e-05
Chinese,DRB1,~:,1,88800,1.1261261261261261e-05
Chinese,HLA-A,01:01,601,88800,0.006768018018018018
Chinese,HLA-A,01:03,11,88800,0.00012387387387387388
Chinese,HLA-A,02:01,8398,88800,0.09457207207207208
Chinese,HLA-A,02:03,5949,88800,0.06699324324324324
Chinese,HLA-A,02:05,35,88800,0.00039414414414414413
Chinese,HLA-A,02:06,2516,88800,0.028333333333333332
Chinese,HLA-A,02:07,9415,88800,0.10602477477477477
Chinese,HLA-A,02:10,54,88800,0.0006081081081081081
Chinese,HLA-A,02:11,31,88800,0.0003490990990990991
Chinese,HLA-A,02:116,1,88800,1.1261261261261261e-05
Chinese,HLA-A,02:16,1,88800,1.1261261261261261e-05
Chinese,HLA-A,02:28,4,88800,4.5045045045045046e-05
Chinese,HLA-A,02:46,3,88800,3.3783783783783784e-05
Chinese,HLA-A,02:48,2,88800,2.2522522522522523e-05
Chinese,HLA-A,02:53,2,88800,2.2522522522522523e-05
Chinese,HLA-A,02:53N,15,88800,0.00016891891891891893
Chinese,HLA-A,02:56,1,88800,1.1261261261261261e-05
Chinese,HLA-A,02:611,1,88800,1.1261261261261261e-05
Chinese,HLA-A,02:715N,1,88800,1.1261261261261261e-05
Chinese,HLA-A,02:CAVH,1,88800,1.1261261261261261e-05
Chinese,HLA-A,02:CHJZW,2,88800,2.2522522522522523e-05
Chinese,HLA-A,03:01,569,88800,0.006407657657657657
Chinese,HLA-A,03:02,18,88800,0.0002027027027027027
Chinese,HLA-A,03:12,2,88800,2.2522522522522523e-05
Chinese,HLA-A,11:01,25095,88800,0.28260135135135134
Chinese,HLA-A,11:02,4251,88800,0.04787162162162162
Chinese,HLA-A,11:03,5,88800,5.630630630630631e-05
Chinese,HLA-A,11:04,4,88800,4.5045045045045046e-05
Chinese,HLA-A,11:242,1,88800,1.1261261261261261e-05
Chinese,HLA-A,11:41,2,88800,2.2522522522522523e-05
Chinese,HLA-A,11:56,2,88800,2.2522522522522523e-05
Chinese,HLA-A,11:85,1,88800,1.1261261261261261e-05
Chinese,HLA-A,11:CAVJD,1,88800,1.1261261261261261e-05
Chinese,HLA-A,11:CKYAB,1,88800,1.1261261261261261e-05
Chinese,HLA-A,11:CVHTA,1,88800,1.1261261261261261e-05
Chinese,HLA-A,11:CWKWR,1,88800,1.1261261261261261e-05
Chinese,HLA-A,23:01,49,88800,0.0005518018018018018
Chinese,HLA-A,23:26,1,88800,1.1261261261261261e-05
Chinese,HLA-A,24:02,13571,88800,0.15282657657657658
Chinese,HLA-A,24:03,124,88800,0.0013963963963963964
Chinese,HLA-A,24:04,2,88800,2.2522522522522523e-05
Chinese,HLA-A,24:05,3,88800,3.3783783783783784e-05
Chinese,HLA-A,24:07,507,88800,0.005709459459459459
Chinese,HLA-A,24:08,12,88800,0.00013513513513513514
Chinese,HLA-A,24:10,247,88800,0.0027815315315315317
Chinese,HLA-A,24:121,1,88800,1.1261261261261261e-05
Chinese,HLA-A,24:128,2,88800,2.2522522522522523e-05
Chinese,HLA-A,24:151,1,88800,1.1261261261261261e-05
Chinese,HLA-A,24:17,1,88800,1.1261261261261261e-05
Chinese,HLA-A,24:194,2,88800,2.2522522522522523e-05
Chinese,HLA-A,24:20,120,88800,0.0013513513513513514
Chinese,HLA-A,24:255,1,88800,1.1261261261261261e-05
Chinese,HLA-A,24:30,1,88800,1.1261261261261261e-05
Chinese,HLA-A,24:59,1,88800,1.1261261261261261e-05
Chinese,HLA-A,24:64,13,88800,0.0001463963963963964
Chinese,HLA-A,24:68,4,88800,4.5045045045045046e-05
Chinese,HLA-A,24:85,1,88800,1.1261261261261261e-05
Chinese,HLA-A,24:CAVJJ,1,88800,1.1261261261261261e-05
Chinese,HLA-A,24:CHJZX,5,88800,5.630630630630631e-05
Chinese,HLA-A,24:XX,1,88800,1.1261261261261261e-05
Chinese,HLA-A,25:01,2,88800,2.2522522522522523e-05
Chinese,HLA-A,26:01,2090,88800,0.023536036036036035
Chinese,HLA-A,26:03,5,88800,5.630630630630631e-05
Chinese,HLA-A,26:35,4,88800,4.5045045045045046e-05
Chinese,HLA-A,26:46,2,88800,2.2522522522522523e-05
Chinese,HLA-A,26:50,5,88800,5.630630630630631e-05
Chinese,HLA-A,29:01,401,88800,0.004515765765765766
Chinese,HLA-A,29:02,18,88800,0.0002027027027027027
Chinese,HLA-A,30:01,1395,88800,0.01570945945945946
Chinese,HLA-A,30:02,4,88800,4.5045045045045046e-05
Chinese,HLA-A,30:04,6,88800,6.756756756756757e-05
Chinese,HLA-A,30:16,2,88800,2.2522522522522523e-05
Chinese,HLA-A,30:18,1,88800,1.1261261261261261e-05
Chinese,HLA-A,31:01,1705,88800,0.019200450450450452
Chinese,HLA-A,31:13,3,88800,3.3783783783783784e-05
Chinese,HLA-A,31:CVHTM,1,88800,1.1261261261261261e-05
Chinese,HLA-A,32:01,324,88800,0.0036486486486486487
Chinese,HLA-A,33:01,15,88800,0.00016891891891891893
Chinese,HLA-A,33:03,10602,88800,0.1193918918918919
Chinese,HLA-A,33:AUTWN,1,88800,1.1261261261261261e-05
Chinese,HLA-A,33:CAUVS,3,88800,3.3783783783783784e-05
Chinese,HLA-A,33:XX,1,88800,1.1261261261261261e-05
Chinese,HLA-A,34:01,194,88800,0.0021846846846846845
Chinese,HLA-A,34:05,1,88800,1.1261261261261261e-05
Chinese,HLA-A,66:01,14,88800,0.00015765765765765765
Chinese,HLA-A,68:01,173,88800,0.0019481981981981982
Chinese,HLA-A,68:02,6,88800,6.756756756756757e-05
Chinese,HLA-A,68:24,1,88800,1.1261261261261261e-05
Chinese,HLA-A,69:01,10,88800,0.00011261261261261261
Chinese,HLA-A,74:01,133,88800,0.0014977477477477478
Chinese,HLA-A,74:05,9,88800,0.00010135135135135135
Chinese,HLA-B,07:02,207,88800,0.002331081081081081
Chinese,HLA-B,07:05,525,88800,0.0059121621621621625
Chinese,HLA-B,07:10,1,88800,1.1261261261261261e-05
Chinese,HLA-B,07:18,1,88800,1.1261261261261261e-05
Chinese,HLA-B,07:249,2,88800,2.2522522522522523e-05
Chinese,HLA-B,07:317,1,88800,1.1261261261261261e-05
Chinese,HLA-B,07:CEJTV,1,88800,1.1261261261261261e-05
Chinese,HLA-B,08:01,234,88800,0.002635135135135135
Chinese,HLA-B,13:01,6109,88800,0.06879504504504505
Chinese,HLA-B,13:02,1511,88800,0.017015765765765765
Chinese,HLA-B,13:06,1,88800,1.1261261261261261e-05
Chinese,HLA-B,14:01,1,88800,1.1261261261261261e-05
Chinese,HLA-B,14:02,14,88800,0.00015765765765765765
Chinese,HLA-B,15:01,3144,88800,0.035405405405405405
Chinese,HLA-B,15:02,5252,88800,0.059144144144144144
Chinese,HLA-B,15:03,41,88800,0.0004617117117117117
Chinese,HLA-B,15:05,11,88800,0.00012387387387387388
Chinese,HLA-B,15:06,4,88800,4.5045045045045046e-05
Chinese,HLA-B,15:07,63,88800,0.0007094594594594595
Chinese,HLA-B,15:08,9,88800,0.00010135135135135135
Chinese,HLA-B,15:10,7,88800,7.882882882882882e-05
Chinese,HLA-B,15:109,1,88800,1.1261261261261261e-05
Chinese,HLA-B,15:11,527,88800,0.005934684684684685
Chinese,HLA-B,15:12,398,88800,0.004481981981981982
Chinese,HLA-B,15:13,125,88800,0.0014076576576576576
Chinese,HLA-B,15:141,1,88800,1.1261261261261261e-05
Chinese,HLA-B,15:15,2,88800,2.2522522522522523e-05
Chinese,HLA-B,15:17,31,88800,0.0003490990990990991
Chinese,HLA-B,15:18,508,88800,0.00572072072072072
Chinese,HLA-B,15:21,120,88800,0.0013513513513513514
Chinese,HLA-B,15:25,596,88800,0.006711711711711712
Chinese,HLA-B,15:27,738,88800,0.008310810810810811
Chinese,HLA-B,15:29,1,88800,1.1261261261261261e-05
Chinese,HLA-B,15:316,1,88800,1.1261261261261261e-05
Chinese,HLA-B,15:32,26,88800,0.0002927927927927928
Chinese,HLA-B,15:325,2,88800,2.2522522522522523e-05
Chinese,HLA-B,15:35,43,88800,0.0004842342342342342
Chinese,HLA-B,15:39,1,88800,1.1261261261261261e-05
Chinese,HLA-B,15:425,2,88800,2.2522522522522523e-05
Chinese,HLA-B,15:46,11,88800,0.00012387387387387388
Chinese,HLA-B,15:58,24,88800,0.0002702702702702703
Chinese,HLA-B,15:64,1,88800,1.1261261261261261e-05
Chinese,HLA-B,15:66,3,88800,3.3783783783783784e-05
Chinese,HLA-B,15:86,1,88800,1.1261261261261261e-05
Chinese,HLA-B,15:88,4,88800,4.5045045045045046e-05
Chinese,HLA-B,15:CAVKW,1,88800,1.1261261261261261e-05
Chinese,HLA-B,15:XX,2,88800,2.2522522522522523e-05
Chinese,HLA-B,18:01,258,88800,0.0029054054054054052
Chinese,HLA-B,18:02,212,88800,0.0023873873873873873
Chinese,HLA-B,27:02,2,88800,2.2522522522522523e-05
Chinese,HLA-B,27:04,2285,88800,0.025731981981981983
Chinese,HLA-B,27:05,102,88800,0.0011486486486486486
Chinese,HLA-B,27:06,100,88800,0.0011261261261261261
Chinese,HLA-B,27:07,32,88800,0.00036036036036036037
Chinese,HLA-B,27:15,12,88800,0.00013513513513513514
Chinese,HLA-B,27:18,1,88800,1.1261261261261261e-05
Chinese,HLA-B,27:21,1,88800,1.1261261261261261e-05
Chinese,HLA-B,27:86,1,88800,1.1261261261261261e-05
Chinese,HLA-B,35:01,1963,88800,0.022105855855855856
Chinese,HLA-B,35:02,48,88800,0.0005405405405405405
Chinese,HLA-B,35:03,443,88800,0.004988738738738739
Chinese,HLA-B,35:05,451,88800,0.005078828828828829
Chinese,HLA-B,35:08,12,88800,0.00013513513513513514
Chinese,HLA-B,35:11,5,88800,5.630630630630631e-05
Chinese,HLA-B,35:137,1,88800,1.1261261261261261e-05
Chinese,HLA-B,35:30,16,88800,0.00018018018018018018
Chinese,HLA-B,35:375,1,88800,1.1261261261261261e-05
Chinese,HLA-B,35:51,2,88800,2.2522522522522523e-05
Chinese,HLA-B,35:CAVME,1,88800,1.1261261261261261e-05
Chinese,HLA-B,35:CVHTV,1,88800,1.1261261261261261e-05
Chinese,HLA-B,37:01,353,88800,0.003975225225225225
Chinese,HLA-B,37:04,2,88800,2.2522522522522523e-05
Chinese,HLA-B,38:01,183,88800,0.002060810810810811
Chinese,HLA-B,38:02,3751,88800,0.04224099099099099
Chinese,HLA-B,38:15,2,88800,2.2522522522522523e-05
Chinese,HLA-B,39:01,1890,88800,0.021283783783783785
Chinese,HLA-B,39:02,1,88800,1.1261261261261261e-05
Chinese,HLA-B,39:05,123,88800,0.001385135135135135
Chinese,HLA-B,39:06,1,88800,1.1261261261261261e-05
Chinese,HLA-B,39:09,71,88800,0.0007995495495495495
Chinese,HLA-B,39:10,1,88800,1.1261261261261261e-05
Chinese,HLA-B,39:15,13,88800,0.0001463963963963964
Chinese,HLA-B,39:36,3,88800,3.3783783783783784e-05
Chinese,HLA-B,39:38Q,2,88800,2.2522522522522523e-05
Chinese,HLA-B,40:01,17005,88800,0.19149774774774775
Chinese,HLA-B,40:02,1367,88800,0.015394144144144145
Chinese,HLA-B,40:03,75,88800,0.0008445945945945946
Chinese,HLA-B,40:06,968,88800,0.0109009009009009
Chinese,HLA-B,40:10,3,88800,3.3783783783783784e-05
Chinese,HLA-B,40:122,1,88800,1.1261261261261261e-05
Chinese,HLA-B,40:306,1,88800,1.1261261261261261e-05
Chinese,HLA-B,40:339,1,88800,1.1261261261261261e-05
Chinese,HLA-B,40:40,9,88800,0.00010135135135135135
Chinese,HLA-B,40:48,9,88800,0.00010135135135135135
Chinese,HLA-B,40:62,2,88800,2.2522522522522523e-05
Chinese,HLA-B,40:69,1,88800,1.1261261261261261e-05
Chinese,HLA-B,40:76,4,88800,4.5045045045045046e-05
Chinese,HLA-B,40:78,1,88800,1.1261261261261261e-05
Chinese,HLA-B,40:CAVMH,1,88800,1.1261261261261261e-05
Chinese,HLA-B,40:CMVGM,1,88800,1.1261261261261261e-05
Chinese,HLA-B,40:CWKWX,4,88800,4.5045045045045046e-05
Chinese,HLA-B,41:01,12,88800,0.00013513513513513514
Chinese,HLA-B,41:02,2,88800,2.2522522522522523e-05
Chinese,HLA-B,44:02,183,88800,0.002060810810810811
Chinese,HLA-B,44:03,664,88800,0.007477477477477477
Chinese,HLA-B,45:01,66,88800,0.0007432432432432432
Chinese,HLA-B,46:01,11461,88800,0.12906531531531532
Chinese,HLA-B,46:43,1,88800,1.1261261261261261e-05
Chinese,HLA-B,46:62,1,88800,1.1261261261261261e-05
Chinese,HLA-B,48:01,857,88800,0.009650900900900901
Chinese,HLA-B,48:03,285,88800,0.0032094594594594596
Chinese,HLA-B,48:04,3,88800,3.3783783783783784e-05
Chinese,HLA-B,49:01,11,88800,0.00012387387387387388
Chinese,HLA-B,50:01,92,88800,0.001036036036036036
Chinese,HLA-B,51:01,3921,88800,0.044155405405405405
Chinese,HLA-B,51:02,1212,88800,0.013648648648648648
Chinese,HLA-B,51:06,13,88800,0.0001463963963963964
Chinese,HLA-B,51:07,118,88800,0.001328828828828829
Chinese,HLA-B,51:08,2,88800,2.2522522522522523e-05
Chinese,HLA-B,51:36,1,88800,1.1261261261261261e-05
Chinese,HLA-B,51:39,1,88800,1.1261261261261261e-05
Chinese,HLA-B,51:AJPSD,1,88800,1.1261261261261261e-05
Chinese,HLA-B,51:AXDBR,1,88800,1.1261261261261261e-05
Chinese,HLA-B,52:01,834,88800,0.009391891891891891
Chinese,HLA-B,53:01,8,88800,9.009009009009009e-05
Chinese,HLA-B,54:01,2831,88800,0.03188063063063063
Chinese,HLA-B,54:10,1,88800,1.1261261261261261e-05
Chinese,HLA-B,54:36,1,88800,1.1261261261261261e-05
Chinese,HLA-B,55:01,46,88800,0.000518018018018018
Chinese,HLA-B,55:02,2641,88800,0.029740990990990993
Chinese,HLA-B,55:04,67,88800,0.0007545045045045045
Chinese,HLA-B,55:07,8,88800,9.009009009009009e-05
Chinese,HLA-B,55:12,33,88800,0.0003716216216216216
Chinese,HLA-B,55:34,1,88800,1.1261261261261261e-05
Chinese,HLA-B,56:01,591,88800,0.006655405405405405
Chinese,HLA-B,56:03,206,88800,0.00231981981981982
Chinese,HLA-B,56:04,125,88800,0.0014076576576576576
Chinese,HLA-B,56:10,9,88800,0.00010135135135135135
Chinese,HLA-B,57:01,206,88800,0.00231981981981982
Chinese,HLA-B,57:02,1,88800,1.1261261261261261e-05
Chinese,HLA-B,58:01,9754,88800,0.10984234234234234
Chinese,HLA-B,58:02,1,88800,1.1261261261261261e-05
Chinese,HLA-B,58:41,1,88800,1.1261261261261261e-05
Chinese,HLA-B,58:74,3,88800,3.3783783783783784e-05
Chinese,HLA-B,58:85,2,88800,2.2522522522522523e-05
Chinese,HLA-B,58:CAVMX,1,88800,1.1261261261261261e-05
Chinese,HLA-B,59:01,5,88800,5.630630630630631e-05
Chinese,HLA-B,59:08,1,88800,1.1261261261261261e-05
Chinese,HLA-B,67:01,258,88800,0.0029054054054054052
Chinese,HLA-B,73:01,2,88800,2.2522522522522523e-05
Chinese,HLA-B,81:01,147,88800,0.0016554054054054054
Chinese,HLA-C,01:02,16181,88800,0.18221846846846848
Chinese,HLA-C,01:03,355,88800,0.003997747747747748
Chinese,HLA-C,01:06,35,88800,0.00039414414414414413
Chinese,HLA-C,01:08,96,88800,0.001081081081081081
Chinese,HLA-C,01:12,1,88800,1.1261261261261261e-05
Chinese,HLA-C,01:125,1,88800,1.1261261261261261e-05
Chinese,HLA-C,01:134,1,88800,1.1261261261261261e-05
Chinese,HLA-C,01:14,1,88800,1.1261261261261261e-05
Chinese,HLA-C,01:54,1,88800,1.1261261261261261e-05
Chinese,HLA-C,01:CWKXC,3,88800,3.3783783783783784e-05
Chinese,HLA-C,02:02,114,88800,0.0012837837837837837
Chinese,HLA-C,03:02,9791,88800,0.110259009009009
Chinese,HLA-C,03:03,3924,88800,0.04418918918918919
Chinese,HLA-C,03:04,11166,88800,0.12574324324324324
Chinese,HLA-C,03:119,1,88800,1.1261261261261261e-05
Chinese,HLA-C,03:128,1,88800,1.1261261261261261e-05
Chinese,HLA-C,03:139,1,88800,1.1261261261261261e-05
Chinese,HLA-C,03:17,47,88800,0.0005292792792792793
Chinese,HLA-C,03:187,5,88800,5.630630630630631e-05
Chinese,HLA-C,03:193,1,88800,1.1261261261261261e-05
Chinese,HLA-C,03:21,20,88800,0.00022522522522522523
Chinese,HLA-C,03:258,5,88800,5.630630630630631e-05
Chinese,HLA-C,03:32,3,88800,3.3783783783783784e-05
Chinese,HLA-C,03:326,1,88800,1.1261261261261261e-05
Chinese,HLA-C,03:328,2,88800,2.2522522522522523e-05
Chinese,HLA-C,03:329,1,88800,1.1261261261261261e-05
Chinese,HLA-C,03:346,1,88800,1.1261261261261261e-05
Chinese,HLA-C,03:349,1,88800,1.1261261261261261e-05
Chinese,HLA-C,03:36,15,88800,0.00016891891891891893
Chinese,HLA-C,03:43,3,88800,3.3783783783783784e-05
Chinese,HLA-C,03:46,2,88800,2.2522522522522523e-05
Chinese,HLA-C,03:48,1,88800,1.1261261261261261e-05
Chinese,HLA-C,03:58,1,88800,1.1261261261261261e-05
Chinese,HLA-C,03:76,1,88800,1.1261261261261261e-05
Chinese,HLA-C,03:77,1,88800,1.1261261261261261e-05
Chinese,HLA-C,03:85,13,88800,0.0001463963963963964
Chinese,HLA-C,03:CAVNF,1,88800,1.1261261261261261e-05
Chinese,HLA-C,03:CAVNN,1,88800,1.1261261261261261e-05
Chinese,HLA-C,03:CEJXD,1,88800,1.1261261261261261e-05
Chinese,HLA-C,03:CWKXH,4,88800,4.5045045045045046e-05
Chinese,HLA-C,03:XX,1,88800,1.1261261261261261e-05
Chinese,HLA-C,04:01,4106,88800,0.04623873873873874
Chinese,HLA-C,04:03,1543,88800,0.017376126126126126
Chinese,HLA-C,04:06,30,88800,0.00033783783783783786
Chinese,HLA-C,04:10,1,88800,1.1261261261261261e-05
Chinese,HLA-C,04:AKWXK,1,88800,1.1261261261261261e-05
Chinese,HLA-C,04:BEPTF,2,88800,2.2522522522522523e-05
Chinese,HLA-C,04:CVHVN,1,88800,1.1261261261261261e-05
Chinese,HLA-C,04:CWKXJ,1,88800,1.1261261261261261e-05
Chinese,HLA-C,04:JKTU,3,88800,3.3783783783783784e-05
Chinese,HLA-C,05:01,156,88800,0.0017567567567567568
Chinese,HLA-C,06:02,2202,88800,0.024797297297297297
Chinese,HLA-C,06:30,1,88800,1.1261261261261261e-05
Chinese,HLA-C,07:01,549,88800,0.006182432432432433
Chinese,HLA-C,07:02,17715,88800,0.19949324324324325
Chinese,HLA-C,07:04,762,88800,0.008581081081081082
Chinese,HLA-C,07:15,1,88800,1.1261261261261261e-05
Chinese,HLA-C,07:154,1,88800,1.1261261261261261e-05
Chinese,HLA-C,07:26,1,88800,1.1261261261261261e-05
Chinese,HLA-C,07:27,17,88800,0.00019144144144144144
Chinese,HLA-C,07:346,1,88800,1.1261261261261261e-05
Chinese,HLA-C,07:39,3,88800,3.3783783783783784e-05
Chinese,HLA-C,07:393N,3,88800,3.3783783783783784e-05
Chinese,HLA-C,07:43,15,88800,0.00016891891891891893
Chinese,HLA-C,07:465,1,88800,1.1261261261261261e-05
Chinese,HLA-C,07:539,1,88800,1.1261261261261261e-05
Chinese,HLA-C,07:56,17,88800,0.00019144144144144144
Chinese,HLA-C,07:590,1,88800,1.1261261261261261e-05
Chinese,HLA-C,07:63,2,88800,2.2522522522522523e-05
Chinese,HLA-C,07:66,1,88800,1.1261261261261261e-05
Chinese,HLA-C,07:BKSYS,1,88800,1.1261261261261261e-05
Chinese,HLA-C,07:CAVPF,2,88800,2.2522522522522523e-05
Chinese,HLA-C,07:CWKXT,2,88800,2.2522522522522523e-05
Chinese,HLA-C,08:01,7867,88800,0.08859234234234234
Chinese,HLA-C,08:02,15,88800,0.00016891891891891893
Chinese,HLA-C,08:03,263,88800,0.002961711711711712
Chinese,HLA-C,08:127N,3,88800,3.3783783783783784e-05
Chinese,HLA-C,08:153,1,88800,1.1261261261261261e-05
Chinese,HLA-C,08:41,1,88800,1.1261261261261261e-05
Chinese,HLA-C,08:CAVPJ,1,88800,1.1261261261261261e-05
Chinese,HLA-C,12:02,3233,88800,0.03640765765765766
Chinese,HLA-C,12:03,1151,88800,0.012961711711711711
Chinese,HLA-C,12:04,5,88800,5.630630630630631e-05
Chinese,HLA-C,12:130,2,88800,2.2522522522522523e-05
Chinese,HLA-C,12:18,2,88800,2.2522522522522523e-05
Chinese,HLA-C,12:XX,1,88800,1.1261261261261261e-05
Chinese,HLA-C,14:02,3213,88800,0.03618243243243243
Chinese,HLA-C,14:03,131,88800,0.0014752252252252251
Chinese,HLA-C,14:24,1,88800,1.1261261261261261e-05
Chinese,HLA-C,14:29,5,88800,5.630630630630631e-05
Chinese,HLA-C,14:80,1,88800,1.1261261261261261e-05
Chinese,HLA-C,15:02,3415,88800,0.03845720720720721
Chinese,HLA-C,15:04,8,88800,9.009009009009009e-05
Chinese,HLA-C,15:05,379,88800,0.004268018018018018
Chinese,HLA-C,15:11,2,88800,2.2522522522522523e-05
Chinese,HLA-C,15:79,1,88800,1.1261261261261261e-05
Chinese,HLA-C,15:CWKYB,1,88800,1.1261261261261261e-05
Chinese,HLA-C,15:CZE,1,88800,1.1261261261261261e-05
Chinese,HLA-C,16:01,3,88800,3.3783783783783784e-05
Chinese,HLA-C,16:02,103,88800,0.00115990990990991
Chinese,HLA-C,16:04,29,88800,0.0003265765765765766
Chinese,HLA-C,17:01,13,88800,0.0001463963963963964
Chinese,HLA-C,18:01,1,88800,1.1261261261261261e-05
Indian,DQB1,-:,1,10980,9.107468123861566e-05
Indian,DQB1,02:01,1725,10980,0.15710382513661203
Indian,DQB1,02:02,4,10980,0.00036429872495446266
Indian,DQB1,02:07,8,10980,0.0007285974499089253
Indian,DQB1,03:01,1358,10980,0.12367941712204007
Indian,DQB1,03:02,1122,10980,0.10218579234972677
Indian,DQB1,03:03,945,10980,0.0860655737704918
Indian,DQB1,03:05,13,10980,0.0011839708561020036
Indian,DQB1,03:11,3,10980,0.000273224043715847
Indian,DQB1,03:228,1,10980,9.107468123861566e-05
Indian,DQB1,04:01,31,10980,0.002823315118397086
Indian,DQB1,04:02,156,10980,0.014207650273224045
Indian,DQB1,05:01,1084,10980,0.09872495446265939
Indian,DQB1,05:02,289,10980,0.026320582877959926
Indian,DQB1,05:03,1070,10980,0.09744990892531877
Indian,DQB1,05:04,11,10980,0.0010018214936247723
Indian,DQB1,05:10,1,10980,9.107468123861566e-05
Indian,DQB1,05:115,1,10980,9.107468123861566e-05
Indian,DQB1,05:23,5,10980,0.0004553734061930783
Indian,DQB1,06:01,1894,10980,0.17249544626593807
Indian,DQB1,06:02,205,10980,0.018670309653916212
Indian,DQB1,06:03,721,10980,0.0656648451730419
Indian,DQB1,06:04,129,10980,0.011748633879781421
Indian,DQB1,06:09,195,10980,0.017759562841530054
Indian,DQB1,06:48,7,10980,0.0006375227686703097
Indian,DQB1,06:92,1,10980,9.107468123861566e-05
Indian,DRB1,01:01,269,10980,0.024499089253187615
Indian,DRB1,01:02,6,10980,0.000546448087431694
Indian,DRB1,03:01,698,10980,0.06357012750455374
Indian,DRB1,03:02,1,10980,9.107468123861566e-05
Indian,DRB1,04:01,151,10980,0.013752276867030965
Indian,DRB1,04:02,28,10980,0.0025500910746812386
Indian,DRB1,04:03,775,10980,0.07058287795992714
Indian,DRB1,04:04,113,10980,0.01029143897996357
Indian,DRB1,04:05,91,10980,0.008287795992714026
Indian,DRB1,04:06,20,10980,0.0018214936247723133
Indian,DRB1,04:07,22,10980,0.0020036429872495446
Indian,DRB1,04:08,33,10980,0.003005464480874317
Indian,DRB1,04:09,1,10980,9.107468123861566e-05
Indian,DRB1,04:10,51,10980,0.004644808743169399
Indian,DRB1,04:13,1,10980,9.107468123861566e-05
Indian,DRB1,04:18,6,10980,0.000546448087431694
Indian,DRB1,07:01,1873,10980,0.17058287795992713
Indian,DRB1,07:03,17,10980,0.0015482695810564663
Indian,DRB1,07:41,1,10980,9.107468123861566e-05
Indian,DRB1,08:01,18,10980,0.001639344262295082
Indian,DRB1,08:02,62,10980,0.005646630236794172
Indian,DRB1,08:03,179,10980,0.016302367941712203
Indian,DRB1,08:04,5,10980,0.0004553734061930783
Indian,DRB1,08:09,1,10980,9.107468123861566e-05
Indian,DRB1,08:10,1,10980,9.107468123861566e-05
Indian,DRB1,08:12,1,10980,9.107468123861566e-05
Indian,DRB1,09:01,110,10980,0.010018214936247723
Indian,DRB1,09:27,1,10980,9.107468123861566e-05
Indian,DRB1,10:01,751,10980,0.06839708561020036
Indian,DRB1,10:02,2,10980,0.00018214936247723133
Indian,DRB1,11:01,486,10980,0.04426229508196721
Indian,DRB1,11:03,2,10980,0.00018214936247723133
Indian,DRB1,11:04,104,10980,0.00947176684881603
Indian,DRB1,11:06,16,10980,0.0014571948998178506
Indian,DRB1,11:08,4,10980,0.00036429872495446266
Indian,DRB1,11:11,9,10980,0.000819672131147541
Indian,DRB1,11:18,1,10980,9.107468123861566e-05
Indian,DRB1,11:29,1,10980,9.107468123861566e-05
Indian,DRB1,11:66,9,10980,0.000819672131147541
Indian,DRB1,12:01,67,10980,0.006102003642987249
Indian,DRB1,12:02,446,10980,0.04061930783242259
Indian,DRB1,13:01,705,10980,0.06420765027322405
Indian,DRB1,13:02,339,10980,0.03087431693989071
Indian,DRB1,13:03,7,10980,0.0006375227686703097
Indian,DRB1,13:12,1,10980,9.107468123861566e-05
Indian,DRB1,13:49,8,10980,0.0007285974499089253
Indian,DRB1,13:50,1,10980,9.107468123861566e-05
Indian,DRB1,14:01,78,10980,0.007103825136612022
Indian,DRB1,14:02,5,10980,0.0004553734061930783
Indian,DRB1,14:03,2,10980,0.00018214936247723133
Indian,DRB1,14:04,864,10980,0.07868852459016394
Indian,DRB1,14:05,11,10980,0.0010018214936247723
Indian,DRB1,14:06,3,10980,0.000273224043715847
Indian,DRB1,14:07,17,10980,0.0015482695810564663
Indian,DRB1,14:10,13,10980,0.0011839708561020036
Indian,DRB1,14:11,3,10980,0.000273224043715847
Indian,DRB1,14:15,31,10980,0.002823315118397086
Indian,DRB1,14:18,3,10980,0.000273224043715847
Indian,DRB1,14:19,2,10980,0.00018214936247723133
Indian,DRB1,14:28,1,10980,9.107468123861566e-05
Indian,DRB1,14:33,1,10980,9.107468123861566e-05
Indian,DRB1,15:01,1186,10980,0.10801457194899818
Indian,DRB1,15:02,1084,10980,0.09872495446265939
Indian,DRB1,15:04,25,10980,0.002276867030965392
Indian,DRB1,15:06,100,10980,0.009107468123861567
Indian,DRB1,15:47,1,10980,9.107468123861566e-05
Indian,DRB1,16:01,2,10980,0.00018214936247723133
Indian,DRB1,16:02,48,10980,0.004371584699453552
Indian,DRB1,16:10,5,10980,0.0004553734061930783
Indian,DRB1,16:38,1,10980,9.107468123861566e-05
Indian,HLA-A,01:01,1521,10980,0.13852459016393442
Indian,HLA-A,01:12,1,10980,9.107468123861566e-05
Indian,HLA-A,02:01,591,10980,0.05382513661202186
Indian,HLA-A,02:02,3,10980,0.000273224043715847
Indian,HLA-A,02:03,128,10980,0.011657559198542805
Indian,HLA-A,02:05,69,10980,0.006284153005464481
Indian,HLA-A,02:06,187,10980,0.01703096539162113
Indian,HLA-A,02:07,30,10980,0.00273224043715847
Indian,HLA-A,02:08,2,10980,0.00018214936247723133
Indian,HLA-A,02:11,703,10980,0.06402550091074681
Indian,HLA-A,02:16,91,10980,0.008287795992714026
Indian,HLA-A,02:20,14,10980,0.0012750455373406193
Indian,HLA-A,02:64,1,10980,9.107468123861566e-05
Indian,HLA-A,03:01,678,10980,0.06174863387978142
Indian,HLA-A,03:02,72,10980,0.006557377049180328
Indian,HLA-A,03:76,2,10980,0.00018214936247723133
Indian,HLA-A,11:01,1569,10980,0.142896174863388
Indian,HLA-A,11:02,14,10980,0.0012750455373406193
Indian,HLA-A,11:03,6,10980,0.000546448087431694
Indian,HLA-A,11:04,1,10980,9.107468123861566e-05
Indian,HLA-A,11:19,1,10980,9.107468123861566e-05
Indian,HLA-A,11:20,1,10980,9.107468123861566e-05
Indian,HLA-A,11:233,1,10980,9.107468123861566e-05
Indian,HLA-A,11:44,1,10980,9.107468123861566e-05
Indian,HLA-A,11:58,1,10980,9.107468123861566e-05
Indian,HLA-A,23:01,54,10980,0.004918032786885246
Indian,HLA-A,24:02,1821,10980,0.16584699453551913
Indian,HLA-A,24:03,34,10980,0.0030965391621129326
Indian,HLA-A,24:07,244,10980,0.022222222222222223
Indian,HLA-A,24:10,19,10980,0.0017304189435336976
Indian,HLA-A,24:121,1,10980,9.107468123861566e-05
Indian,HLA-A,24:17,35,10980,0.0031876138433515485
Indian,HLA-A,24:37,1,10980,9.107468123861566e-05
Indian,HLA-A,26:01,435,10980,0.03961748633879782
Indian,HLA-A,29:01,95,10980,0.008652094717668488
Indian,HLA-A,29:02,4,10980,0.00036429872495446266
Indian,HLA-A,30:01,165,10980,0.015027322404371584
Indian,HLA-A,30:02,29,10980,0.0026411657559198545
Indian,HLA-A,30:04,4,10980,0.00036429872495446266
Indian,HLA-A,31:01,321,10980,0.029234972677595627
Indian,HLA-A,31:12,5,10980,0.0004553734061930783
Indian,HLA-A,31:16,2,10980,0.00018214936247723133
Indian,HLA-A,32:01,288,10980,0.02622950819672131
Indian,HLA-A,32:11Q,1,10980,9.107468123861566e-05
Indian,HLA-A,33:01,7,10980,0.0006375227686703097
Indian,HLA-A,33:03,1096,10980,0.09981785063752277
Indian,HLA-A,33:112,2,10980,0.00018214936247723133
Indian,HLA-A,34:01,28,10980,0.0025500910746812386
Indian,HLA-A,34:02,1,10980,9.107468123861566e-05
Indian,HLA-A,66:01,1,10980,9.107468123861566e-05
Indian,HLA-A,68:01,583,10980,0.05309653916211293
Indian,HLA-A,68:02,2,10980,0.00018214936247723133
Indian,HLA-A,68:50,1,10980,9.107468123861566e-05
Indian,HLA-A,68:99,2,10980,0.00018214936247723133
Indian,HLA-A,74:01,9,10980,0.000819672131147541
Indian,HLA-A,74:03,2,10980,0.00018214936247723133
Indian,HLA-B,07:02,431,10980,0.03925318761384335
Indian,HLA-B,07:05,434,10980,0.0395264116575592
Indian,HLA-B,07:09,1,10980,9.107468123861566e-05
Indian,HLA-B,08:01,316,10980,0.02877959927140255
Indian,HLA-B,13:01,186,10980,0.016939890710382512
Indian,HLA-B,13:02,174,10980,0.015846994535519125
Indian,HLA-B,14:02,6,10980,0.000546448087431694
Indian,HLA-B,14:03,1,10980,9.107468123861566e-05
Indian,HLA-B,15:01,181,10980,0.016484517304189435
Indian,HLA-B,15:02,306,10980,0.027868852459016394
Indian,HLA-B,15:03,1,10980,9.107468123861566e-05
Indian,HLA-B,15:04,4,10980,0.00036429872495446266
Indian,HLA-B,15:05,95,10980,0.008652094717668488
Indian,HLA-B,15:08,25,10980,0.002276867030965392
Indian,HLA-B,15:09,1,10980,9.107468123861566e-05
Indian,HLA-B,15:10,5,10980,0.0004553734061930783
Indian,HLA-B,15:11,1,10980,9.107468123861566e-05
Indian,HLA-B,15:113,1,10980,9.107468123861566e-05
Indian,HLA-B,15:12,3,10980,0.000273224043715847
Indian,HLA-B,15:13,40,10980,0.0036429872495446266
Indian,HLA-B,15:17,89,10980,0.008105646630236794
Indian,HLA-B,15:18,214,10980,0.019489981785063754
Indian,HLA-B,15:21,22,10980,0.0020036429872495446
Indian,HLA-B,15:25,65,10980,0.005919854280510018
Indian,HLA-B,15:29,17,10980,0.0015482695810564663
Indian,HLA-B,15:32,7,10980,0.0006375227686703097
Indian,HLA-B,15:35,4,10980,0.00036429872495446266
Indian,HLA-B,15:38,1,10980,9.107468123861566e-05
Indian,HLA-B,15:46,1,10980,9.107468123861566e-05
Indian,HLA-B,15:75,3,10980,0.000273224043715847
Indian,HLA-B,18:01,251,10980,0.022859744990892533
Indian,HLA-B,18:02,19,10980,0.0017304189435336976
Indian,HLA-B,18:116,1,10980,9.107468123861566e-05
Indian,HLA-B,18:22,1,10980,9.107468123861566e-05
Indian,HLA-B,27:02,6,10980,0.000546448087431694
Indian,HLA-B,27:04,28,10980,0.0025500910746812386
Indian,HLA-B,27:05,72,10980,0.006557377049180328
Indian,HLA-B,27:06,8,10980,0.0007285974499089253
Indian,HLA-B,27:07,27,10980,0.002459016393442623
Indian,HLA-B,35:01,565,10980,0.05145719489981785
Indian,HLA-B,35:02,20,10980,0.0018214936247723133
Indian,HLA-B,35:03,629,10980,0.05728597449908925
Indian,HLA-B,35:05,32,10980,0.0029143897996357013
Indian,HLA-B,35:08,19,10980,0.0017304189435336976
Indian,HLA-B,35:21,1,10980,9.107468123861566e-05
Indian,HLA-B,35:30,2,10980,0.00018214936247723133
Indian,HLA-B,35:310,1,10980,9.107468123861566e-05
Indian,HLA-B,35:360,1,10980,9.107468123861566e-05
Indian,HLA-B,37:01,400,10980,0.03642987249544627
Indian,HLA-B,37:04,3,10980,0.000273224043715847
Indian,HLA-B,38:01,17,10980,0.0015482695810564663
Indian,HLA-B,38:02,111,10980,0.010109289617486339
Indian,HLA-B,39:01,80,10980,0.007285974499089253
Indian,HLA-B,39:06,14,10980,0.0012750455373406193
Indian,HLA-B,40:01,277,10980,0.02522768670309654
Indian,HLA-B,40:02,42,10980,0.003825136612021858
Indian,HLA-B,40:03,1,10980,9.107468123861566e-05
Indian,HLA-B,40:06,1106,10980,0.10072859744990892
Indian,HLA-B,40:10,2,10980,0.00018214936247723133
Indian,HLA-B,40:23,6,10980,0.000546448087431694
Indian,HLA-B,40:26,3,10980,0.000273224043715847
Indian,HLA-B,40:295,2,10980,0.00018214936247723133
Indian,HLA-B,40:50,3,10980,0.000273224043715847
Indian,HLA-B,41:01,31,10980,0.002823315118397086
Indian,HLA-B,41:02,1,10980,9.107468123861566e-05
Indian,HLA-B,42:01,1,10980,9.107468123861566e-05
Indian,HLA-B,44:02,58,10980,0.005282331511839709
Indian,HLA-B,44:03,672,10980,0.06120218579234973
Indian,HLA-B,44:06,2,10980,0.00018214936247723133
Indian,HLA-B,45:01,7,10980,0.0006375227686703097
Indian,HLA-B,46:01,34,10980,0.0030965391621129326
Indian,HLA-B,47:01,3,10980,0.000273224043715847
Indian,HLA-B,48:01,27,10980,0.002459016393442623
Indian,HLA-B,48:04,8,10980,0.0007285974499089253
Indian,HLA-B,49:01,61,10980,0.005555555555555556
Indian,HLA-B,50:01,186,10980,0.016939890710382512
Indian,HLA-B,51:01,766,10980,0.0697632058287796
Indian,HLA-B,51:02,11,10980,0.0010018214936247723
Indian,HLA-B,51:06,107,10980,0.009744990892531877
Indian,HLA-B,51:07,23,10980,0.0020947176684881605
Indian,HLA-B,51:08,12,10980,0.001092896174863388
Indian,HLA-B,51:09,1,10980,9.107468123861566e-05
Indian,HLA-B,51:19,8,10980,0.0007285974499089253
Indian,HLA-B,52:01,840,10980,0.07650273224043716
Indian,HLA-B,52:04,4,10980,0.00036429872495446266
Indian,HLA-B,53:01,16,10980,0.0014571948998178506
Indian,HLA-B,53:09,1,10980,9.107468123861566e-05
Indian,HLA-B,54:01,9,10980,0.000819672131147541
Indian,HLA-B,55:01,232,10980,0.021129326047358836
Indian,HLA-B,55:02,20,10980,0.0018214936247723133
Indian,HLA-B,55:03,2,10980,0.00018214936247723133
Indian,HLA-B,56:01,80,10980,0.007285974499089253
Indian,HLA-B,56:03,1,10980,9.107468123861566e-05
Indian,HLA-B,56:04,1,10980,9.107468123861566e-05
Indian,HLA-B,57:01,793,10980,0.07222222222222222
Indian,HLA-B,57:03,2,10980,0.00018214936247723133
Indian,HLA-B,58:01,574,10980,0.052276867030965395
Indian,HLA-B,58:02,1,10980,9.107468123861566e-05
Indian,HLA-C,01:02,471,10980,0.04289617486338798
Indian,HLA-C,01:03,3,10980,0.000273224043715847
Indian,HLA-C,01:17,3,10980,0.000273224043715847
Indian,HLA-C,02:02,93,10980,0.008469945355191256
Indian,HLA-C,02:08,2,10980,0.00018214936247723133
Indian,HLA-C,03:02,573,10980,0.05218579234972678
Indian,HLA-C,03:03,207,10980,0.018852459016393444
Indian,HLA-C,03:04,211,10980,0.019216757741347904
Indian,HLA-C,03:88,3,10980,0.000273224043715847
Indian,HLA-C,04:01,1221,10980,0.11120218579234972
Indian,HLA-C,04:03,192,10980,0.017486338797814208
Indian,HLA-C,04:06,9,10980,0.000819672131147541
Indian,HLA-C,04:10,14,10980,0.0012750455373406193
Indian,HLA-C,04:147,1,10980,9.107468123861566e-05
Indian,HLA-C,04:29,1,10980,9.107468123861566e-05
Indian,HLA-C,04:AKWXK,1,10980,9.107468123861566e-05
Indian,HLA-C,05:01,71,10980,0.006466302367941712
Indian,HLA-C,06:02,1562,10980,0.14225865209471766
Indian,HLA-C,06:203,2,10980,0.00018214936247723133
Indian,HLA-C,07:01,871,10980,0.07932604735883425
Indian,HLA-C,07:02,1351,10980,0.12304189435336976
Indian,HLA-C,07:04,270,10980,0.02459016393442623
Indian,HLA-C,07:13,3,10980,0.000273224043715847
Indian,HLA-C,07:17,1,10980,9.107468123861566e-05
Indian,HLA-C,07:26,55,10980,0.005009107468123861
Indian,HLA-C,07:29,7,10980,0.0006375227686703097
Indian,HLA-C,07:317,1,10980,9.107468123861566e-05
Indian,HLA-C,08:01,366,10980,0.03333333333333333
Indian,HLA-C,08:02,7,10980,0.0006375227686703097
Indian,HLA-C,08:03,10,10980,0.0009107468123861566
Indian,HLA-C,12:02,923,10980,0.08406193078324226
Indian,HLA-C,12:03,501,10980,0.04562841530054645
Indian,HLA-C,12:04,43,10980,0.003916211293260473
Indian,HLA-C,12:05,1,10980,9.107468123861566e-05
Indian,HLA-C,12:08,1,10980,9.107468123861566e-05
Indian,HLA-C,12:09,2,10980,0.00018214936247723133
Indian,HLA-C,12:132,1,10980,9.107468123861566e-05
Indian,HLA-C,12:41,1,10980,9.107468123861566e-05
Indian,HLA-C,14:02,478,10980,0.04353369763205829
Indian,HLA-C,14:03,2,10980,0.00018214936247723133
Indian,HLA-C,14:24,1,10980,9.107468123861566e-05
Indian,HLA-C,15:02,1001,10980,0.09116575591985428
Indian,HLA-C,15:04,12,10980,0.001092896174863388
Indian,HLA-C,15:05,88,10980,0.008014571948998178
Indian,HLA-C,15:07,40,10980,0.0036429872495446266
Indian,HLA-C,15:33,1,10980,9.107468123861566e-05
Indian,HLA-C,15:68,1,10980,9.107468123861566e-05
Indian,HLA-C,16:01,5,10980,0.0004553734061930783
Indian,HLA-C,16:02,256,10980,0.02331511839708561
Indian,HLA-C,16:04,8,10980,0.0007285974499089253
Indian,HLA-C,16:104,1,10980,9.107468123861566e-05
Indian,HLA-C,16:12,1,10980,9.107468123861566e-05
Indian,HLA-C,16:19,1,10980,9.107468123861566e-05
Indian,HLA-C,16:30N,2,10980,0.00018214936247723133
Indian,HLA-C,17:01,27,10980,0.002459016393442623
Malay,DQB1,02:01,1171,11156,0.10496593761204732
Malay,DQB1,02:02,4,11156,0.00035855145213338117
Malay,DQB1,02:07,1,11156,8.963786303334529e-05
Malay,DQB1,02:51,2,11156,0.00017927572606669058
Malay,DQB1,03:01,3945,11156,0.35362136966654717
Malay,DQB1,03:02,304,11156,0.027249910362136965
Malay,DQB1,03:03,595,11156,0.053334528504840446
Malay,DQB1,03:BMSUA,1,11156,8.963786303334529e-05
Malay,DQB1,04:01,172,11156,0.01541771244173539
Malay,DQB1,04:02,167,11156,0.014969523126568662
Malay,DQB1,04:05,1,11156,8.963786303334529e-05
Malay,DQB1,05:01,1396,11156,0.12513445679455001
Malay,DQB1,05:02,1160,11156,0.10397992111868053
Malay,DQB1,05:03,580,11156,0.05198996055934026
Malay,DQB1,05:18,1,11156,8.963786303334529e-05
Malay,DQB1,05:23,3,11156,0.00026891358910003586
Malay,DQB1,05:66,3,11156,0.00026891358910003586
Malay,DQB1,05:CAVTE,1,11156,8.963786303334529e-05
Malay,DQB1,06:01,1202,11156,0.10774471136608103
Malay,DQB1,06:02,166,11156,0.014879885263535318
Malay,DQB1,06:03,125,11156,0.01120473287916816
Malay,DQB1,06:04,27,11156,0.0024202223019003225
Malay,DQB1,06:09,125,11156,0.01120473287916816
Malay,DQB1,06:10,2,11156,0.00017927572606669058
Malay,DQB1,06:132,1,11156,8.963786303334529e-05
Malay,DQB1,06:48,1,11156,8.963786303334529e-05
Malay,DRB1,01:01,54,11156,0.004840444603800645
Malay,DRB1,01:02,8,11156,0.0007171029042667623
Malay,DRB1,03:01,440,11156,0.03944065973467192
Malay,DRB1,04:01,19,11156,0.0017031193976335603
Malay,DRB1,04:02,7,11156,0.000627465041233417
Malay,DRB1,04:03,179,11156,0.016045177482968805
Malay,DRB1,04:04,23,11156,0.0020616708497669415
Malay,DRB1,04:05,356,11156,0.031911079239870924
Malay,DRB1,04:06,58,11156,0.0051989960559340265
Malay,DRB1,04:07,1,11156,8.963786303334529e-05
Malay,DRB1,04:08,3,11156,0.00026891358910003586
Malay,DRB1,04:10,7,11156,0.000627465041233417
Malay,DRB1,07:01,875,11156,0.07843313015417712
Malay,DRB1,08:01,2,11156,0.00017927572606669058
Malay,DRB1,08:02,21,11156,0.001882395123700251
Malay,DRB1,08:03,291,11156,0.026084618142703478
Malay,DRB1,08:04,8,11156,0.0007171029042667623
Malay,DRB1,08:09,11,11156,0.000986016493366798
Malay,DRB1,08:12,15,11156,0.0013445679455001793
Malay,DRB1,08:19,2,11156,0.00017927572606669058
Malay,DRB1,09:01,439,11156,0.03935102187163858
Malay,DRB1,10:01,149,11156,0.013356041591968447
Malay,DRB1,11:01,242,11156,0.021692362854069558
Malay,DRB1,11:02,1,11156,8.963786303334529e-05
Malay,DRB1,11:04,12,11156,0.0010756543564001434
Malay,DRB1,11:05,13,11156,0.0011652922194334888
Malay,DRB1,11:06,27,11156,0.0024202223019003225
Malay,DRB1,11:11,1,11156,8.963786303334529e-05
Malay,DRB1,11:12,2,11156,0.00017927572606669058
Malay,DRB1,11:66,1,11156,8.963786303334529e-05
Malay,DRB1,12:01,42,11156,0.003764790247400502
Malay,DRB1,12:02,3898,11156,0.3494083901039799
Malay,DRB1,13:01,121,11156,0.010846181427034779
Malay,DRB1,13:02,154,11156,0.013804230907135173
Malay,DRB1,13:03,2,11156,0.00017927572606669058
Malay,DRB1,13:12,7,11156,0.000627465041233417
Malay,DRB1,13:49,1,11156,8.963786303334529e-05
Malay,DRB1,14:01,85,11156,0.0076192183578343495
Malay,DRB1,14:03,2,11156,0.00017927572606669058
Malay,DRB1,14:04,408,11156,0.03657224811760488
Malay,DRB1,14:05,29,11156,0.0025994980279670133
Malay,DRB1,14:07,10,11156,0.0008963786303334528
Malay,DRB1,14:08,5,11156,0.0004481893151667264
Malay,DRB1,14:10,17,11156,0.0015238436715668698
Malay,DRB1,14:119,1,11156,8.963786303334529e-05
Malay,DRB1,14:15,3,11156,0.00026891358910003586
Malay,DRB1,14:18,5,11156,0.0004481893151667264
Malay,DRB1,14:20,1,11156,8.963786303334529e-05
Malay,DRB1,14:25,1,11156,8.963786303334529e-05
Malay,DRB1,15:01,659,11156,0.05907135173897454
Malay,DRB1,15:02,2065,11156,0.185102187163858
Malay,DRB1,15:03,5,11156,0.0004481893151667264
Malay,DRB1,15:04,5,11156,0.0004481893151667264
Malay,DRB1,15:06,3,11156,0.00026891358910003586
Malay,DRB1,15:14,3,11156,0.00026891358910003586
Malay,DRB1,16:01,1,11156,8.963786303334529e-05
Malay,DRB1,16:02,356,11156,0.031911079239870924
Malay,HLA-A,01:01,225,11156,0.02016851918250269
Malay,HLA-A,01:03,3,11156,0.00026891358910003586
Malay,HLA-A,01:188,1,11156,8.963786303334529e-05
Malay,HLA-A,01:211,1,11156,8.963786303334529e-05
Malay,HLA-A,02:01,893,11156,0.08004661168877734
Malay,HLA-A,02:02,5,11156,0.0004481893151667264
Malay,HLA-A,02:03,481,11156,0.04311581211903908
Malay,HLA-A,02:05,20,11156,0.0017927572606669057
Malay,HLA-A,02:06,217,11156,0.019451416278235927
Malay,HLA-A,02:07,167,11156,0.014969523126568662
Malay,HLA-A,02:10,1,11156,8.963786303334529e-05
Malay,HLA-A,02:11,71,11156,0.006364288275367515
Malay,HLA-A,02:16,3,11156,0.00026891358910003586
Malay,HLA-A,02:64,3,11156,0.00026891358910003586
Malay,HLA-A,02:92,1,11156,8.963786303334529e-05
Malay,HLA-A,02:BKSXJ,1,11156,8.963786303334529e-05
Malay,HLA-A,03:01,122,11156,0.010935819290068125
Malay,HLA-A,03:02,9,11156,0.0008067407673001076
Malay,HLA-A,11:01,2011,11156,0.18026174256005736
Malay,HLA-A,11:02,49,11156,0.004392255288633919
Malay,HLA-A,11:03,4,11156,0.00035855145213338117
Malay,HLA-A,11:04,56,11156,0.005019720329867336
Malay,HLA-A,11:19,1,11156,8.963786303334529e-05
Malay,HLA-A,11:CAVJD,1,11156,8.963786303334529e-05
Malay,HLA-A,11:GMDT,1,11156,8.963786303334529e-05
Malay,HLA-A,23:01,10,11156,0.0008963786303334528
Malay,HLA-A,24:02,1882,11156,0.16869845822875582
Malay,HLA-A,24:03,7,11156,0.000627465041233417
Malay,HLA-A,24:07,1966,11156,0.17622803872355683
Malay,HLA-A,24:10,497,11156,0.044550017927572606
Malay,HLA-A,24:17,9,11156,0.0008067407673001076
Malay,HLA-A,24:20,2,11156,0.00017927572606669058
Malay,HLA-A,24:234,2,11156,0.00017927572606669058
Malay,HLA-A,24:CJMPH,1,11156,8.963786303334529e-05
Malay,HLA-A,24:CMVTC,1,11156,8.963786303334529e-05
Malay,HLA-A,26:01,151,11156,0.013535317318035138
Malay,HLA-A,29:01,57,11156,0.005109358192900681
Malay,HLA-A,29:02,2,11156,0.00017927572606669058
Malay,HLA-A,29:10,3,11156,0.00026891358910003586
Malay,HLA-A,30:01,65,11156,0.005826461097167443
Malay,HLA-A,30:02,9,11156,0.0008067407673001076
Malay,HLA-A,30:04,2,11156,0.00017927572606669058
Malay,HLA-A,31:01,68,11156,0.006095374686267479
Malay,HLA-A,31:12,1,11156,8.963786303334529e-05
Malay,HLA-A,32:01,67,11156,0.006005736823234134
Malay,HLA-A,33:01,2,11156,0.00017927572606669058
Malay,HLA-A,33:03,1133,11156,0.1015596988167802
Malay,HLA-A,34:01,700,11156,0.0627465041233417
Malay,HLA-A,34:02,1,11156,8.963786303334529e-05
Malay,HLA-A,34:05,12,11156,0.0010756543564001434
Malay,HLA-A,66:01,1,11156,8.963786303334529e-05
Malay,HLA-A,68:01,69,11156,0.006185012549300825
Malay,HLA-A,68:02,8,11156,0.0007171029042667623
Malay,HLA-A,68:24,1,11156,8.963786303334529e-05
Malay,HLA-A,69:01,2,11156,0.00017927572606669058
Malay,HLA-A,74:01,78,11156,0.006991753316600932
Malay,HLA-B,07:02,81,11156,0.007260666905700968
Malay,HLA-B,07:05,211,11156,0.018913589100035856
Malay,HLA-B,07:105,1,11156,8.963786303334529e-05
Malay,HLA-B,08:01,53,11156,0.0047508067407673
Malay,HLA-B,13:01,391,11156,0.035048404446038
Malay,HLA-B,13:02,61,11156,0.005467909645034063
Malay,HLA-B,14:01,1,11156,8.963786303334529e-05
Malay,HLA-B,14:02,10,11156,0.0008963786303334528
Malay,HLA-B,15:01,58,11156,0.0051989960559340265
Malay,HLA-B,15:02,1281,11156,0.1148261025457153
Malay,HLA-B,15:03,3,11156,0.00026891358910003586
Malay,HLA-B,15:04,1,11156,8.963786303334529e-05
Malay,HLA-B,15:05,5,11156,0.0004481893151667264
Malay,HLA-B,15:06,16,11156,0.0014342058085335247
Malay,HLA-B,15:08,12,11156,0.0010756543564001434
Malay,HLA-B,15:10,4,11156,0.00035855145213338117
Malay,HLA-B,15:11,6,11156,0.0005378271782000717
Malay,HLA-B,15:12,54,11156,0.004840444603800645
Malay,HLA-B,15:13,886,11156,0.07941914664754392
Malay,HLA-B,15:159,1,11156,8.963786303334529e-05
Malay,HLA-B,15:17,20,11156,0.0017927572606669057
Malay,HLA-B,15:18,31,11156,0.002778773754033704
Malay,HLA-B,15:21,562,11156,0.05037647902474005
Malay,HLA-B,15:25,172,11156,0.01541771244173539
Malay,HLA-B,15:27,10,11156,0.0008963786303334528
Malay,HLA-B,15:29,1,11156,8.963786303334529e-05
Malay,HLA-B,15:32,17,11156,0.0015238436715668698
Malay,HLA-B,15:35,24,11156,0.002151308712800287
Malay,HLA-B,15:38,3,11156,0.00026891358910003586
Malay,HLA-B,15:404,1,11156,8.963786303334529e-05
Malay,HLA-B,15:46,1,11156,8.963786303334529e-05
Malay,HLA-B,15:75,2,11156,0.00017927572606669058
Malay,HLA-B,15:CAVKY,1,11156,8.963786303334529e-05
Malay,HLA-B,18:01,927,11156,0.08309429903191108
Malay,HLA-B,18:02,374,11156,0.033524560774471135
Malay,HLA-B,18:116,4,11156,0.00035855145213338117
Malay,HLA-B,18:22,5,11156,0.0004481893151667264
Malay,HLA-B,18:50,5,11156,0.0004481893151667264
Malay,HLA-B,18:GPPJ,1,11156,8.963786303334529e-05
Malay,HLA-B,18:GPPM,1,11156,8.963786303334529e-05
Malay,HLA-B,27:02,1,11156,8.963786303334529e-05
Malay,HLA-B,27:04,25,11156,0.0022409465758336322
Malay,HLA-B,27:05,16,11156,0.0014342058085335247
Malay,HLA-B,27:06,274,11156,0.02456077447113661
Malay,HLA-B,27:07,13,11156,0.0011652922194334888
Malay,HLA-B,35:01,99,11156,0.008874148440301183
Malay,HLA-B,35:02,11,11156,0.000986016493366798
Malay,HLA-B,35:03,134,11156,0.012011473646468268
Malay,HLA-B,35:05,791,11156,0.07090354965937612
Malay,HLA-B,35:08,2,11156,0.00017927572606669058
Malay,HLA-B,35:30,145,11156,0.012997490139835066
Malay,HLA-B,35:72,6,11156,0.0005378271782000717
Malay,HLA-B,37:01,46,11156,0.004123341699533883
Malay,HLA-B,37:54,5,11156,0.0004481893151667264
Malay,HLA-B,38:01,4,11156,0.00035855145213338117
Malay,HLA-B,38:02,613,11156,0.05494801003944066
Malay,HLA-B,38:64,7,11156,0.000627465041233417
Malay,HLA-B,39:01,48,11156,0.004302617425600574
Malay,HLA-B,39:05,2,11156,0.00017927572606669058
Malay,HLA-B,39:09,4,11156,0.00035855145213338117
Malay,HLA-B,39:15,13,11156,0.0011652922194334888
Malay,HLA-B,40:01,499,11156,0.0447292936536393
Malay,HLA-B,40:02,86,11156,0.007708856220867695
Malay,HLA-B,40:06,218,11156,0.019541054141269273
Malay,HLA-B,40:10,30,11156,0.0026891358910003586
Malay,HLA-B,40:12,1,11156,8.963786303334529e-05
Malay,HLA-B,40:23,2,11156,0.00017927572606669058
Malay,HLA-B,40:95,1,11156,8.963786303334529e-05
Malay,HLA-B,41:01,21,11156,0.001882395123700251
Malay,HLA-B,42:02,1,11156,8.963786303334529e-05
Malay,HLA-B,44:02,11,11156,0.000986016493366798
Malay,HLA-B,44:03,593,11156,0.053155252778773754
Malay,HLA-B,45:01,6,11156,0.0005378271782000717
Malay,HLA-B,46:01,221,11156,0.019809967730369308
Malay,HLA-B,46:08,1,11156,8.963786303334529e-05
Malay,HLA-B,48:01,38,11156,0.0034062387952671206
Malay,HLA-B,48:03,4,11156,0.00035855145213338117
Malay,HLA-B,48:04,9,11156,0.0008067407673001076
Malay,HLA-B,49:01,14,11156,0.001254930082466834
Malay,HLA-B,50:01,28,11156,0.002509860164933668
Malay,HLA-B,50:07,2,11156,0.00017927572606669058
Malay,HLA-B,51:01,356,11156,0.031911079239870924
Malay,HLA-B,51:02,264,11156,0.023664395840803154
Malay,HLA-B,51:06,10,11156,0.0008963786303334528
Malay,HLA-B,51:07,5,11156,0.0004481893151667264
Malay,HLA-B,52:01,302,11156,0.027070634636070276
Malay,HLA-B,52:04,3,11156,0.00026891358910003586
Malay,HLA-B,53:01,8,11156,0.0007171029042667623
Malay,HLA-B,54:01,37,11156,0.0033166009322337757
Malay,HLA-B,55:01,28,11156,0.002509860164933668
Malay,HLA-B,55:02,58,11156,0.0051989960559340265
Malay,HLA-B,55:04,1,11156,8.963786303334529e-05
Malay,HLA-B,55:12,4,11156,0.00035855145213338117
Malay,HLA-B,56:01,43,11156,0.0038544281104338474
Malay,HLA-B,56:02,2,11156,0.00017927572606669058
Malay,HLA-B,56:03,3,11156,0.00026891358910003586
Malay,HLA-B,56:04,53,11156,0.0047508067407673
Malay,HLA-B,56:07,2,11156,0.00017927572606669058
Malay,HLA-B,57:01,121,11156,0.010846181427034779
Malay,HLA-B,58:01,497,11156,0.044550017927572606
Malay,HLA-B,58:02,2,11156,0.00017927572606669058
Malay,HLA-B,67:01,2,11156,0.00017927572606669058
Malay,HLA-B,73:01,10,11156,0.0008963786303334528
Malay,HLA-B,81:01,2,11156,0.00017927572606669058
Malay,HLA-C,01:02,429,11156,0.038454643241305125
Malay,HLA-C,01:03,10,11156,0.0008963786303334528
Malay,HLA-C,01:22,1,11156,8.963786303334529e-05
Malay,HLA-C,02:02,16,11156,0.0014342058085335247
Malay,HLA-C,02:10,2,11156,0.00017927572606669058
Malay,HLA-C,03:02,493,11156,0.04419146647543923
Malay,HLA-C,03:03,171,11156,0.015328074578702043
Malay,HLA-C,03:04,555,11156,0.04974901398350663
Malay,HLA-C,03:88,2,11156,0.00017927572606669058
Malay,HLA-C,03:94,5,11156,0.0004481893151667264
Malay,HLA-C,03:CAVNN,1,11156,8.963786303334529e-05
Malay,HLA-C,04:01,1372,11156,0.12298314808174973
Malay,HLA-C,04:03,879,11156,0.0787916816063105
Malay,HLA-C,04:04,1,11156,8.963786303334529e-05
Malay,HLA-C,04:06,124,11156,0.011115095016134816
Malay,HLA-C,04:10,4,11156,0.00035855145213338117
Malay,HLA-C,04:AKWXK,2,11156,0.00017927572606669058
Malay,HLA-C,04:BCZH,1,11156,8.963786303334529e-05
Malay,HLA-C,05:01,17,11156,0.0015238436715668698
Malay,HLA-C,06:02,266,11156,0.023843671566869847
Malay,HLA-C,06:195,1,11156,8.963786303334529e-05
Malay,HLA-C,06:27,2,11156,0.00017927572606669058
Malay,HLA-C,07:01,751,11156,0.06731803513804231
Malay,HLA-C,07:02,1326,11156,0.11885980638221585
Malay,HLA-C,07:04,1153,11156,0.10335245607744711
Malay,HLA-C,07:199,5,11156,0.0004481893151667264
Malay,HLA-C,07:26,4,11156,0.00035855145213338117
Malay,HLA-C,07:27,1,11156,8.963786303334529e-05
Malay,HLA-C,07:EMCY,1,11156,8.963786303334529e-05
Malay,HLA-C,07:GXFA,1,11156,8.963786303334529e-05
Malay,HLA-C,08:01,2240,11156,0.20078881319469344
Malay,HLA-C,08:02,11,11156,0.000986016493366798
Malay,HLA-C,08:03,2,11156,0.00017927572606669058
Malay,HLA-C,08:16,1,11156,8.963786303334529e-05
Malay,HLA-C,12:02,307,11156,0.027518823951237004
Malay,HLA-C,12:03,103,11156,0.009232699892434564
Malay,HLA-C,12:04,6,11156,0.0005378271782000717
Malay,HLA-C,12:05,3,11156,0.00026891358910003586
Malay,HLA-C,14:02,490,11156,0.04392255288633919
Malay,HLA-C,14:03,3,11156,0.00026891358910003586
Malay,HLA-C,15:02,258,11156,0.023126568662603084
Malay,HLA-C,15:04,8,11156,0.0007171029042667623
Malay,HLA-C,15:05,59,11156,0.005288633918967372
Malay,HLA-C,15:07,3,11156,0.00026891358910003586
Malay,HLA-C,15:09,2,11156,0.00017927572606669058
Malay,HLA-C,15:40,1,11156,8.963786303334529e-05
Malay,HLA-C,16:01,6,11156,0.0005378271782000717
Malay,HLA-C,16:02,34,11156,0.0030476873431337396
Malay,HLA-C,16:04,2,11156,0.00017927572606669058
Malay,HLA-C,16:88,1,11156,8.963786303334529e-05
Malay,HLA-C,17:01,20,11156,0.0017927572606669057
Others,DQB1,02:01,1062,7534,0.1409609769046987
Others,DQB1,02:02,4,7534,0.0005309264666843643
Others,DQB1,02:14,1,7534,0.00013273161667109106
Others,DQB1,02:CAVTA,1,7534,0.00013273161667109106
Others,DQB1,03:01,1657,7534,0.21993628882399788
Others,DQB1,03:02,563,7534,0.07472790018582426
Others,DQB1,03:03,583,7534,0.07738253251924608
Others,DQB1,03:04,2,7534,0.0002654632333421821
Others,DQB1,03:05,5,7534,0.0006636580833554553
Others,DQB1,03:11,1,7534,0.00013273161667109106
Others,DQB1,03:26,1,7534,0.00013273161667109106
Others,DQB1,03:72,1,7534,0.00013273161667109106
Others,DQB1,03:CAVTB,2,7534,0.0002654632333421821
Others,DQB1,03:CAVTC,1,7534,0.00013273161667109106
Others,DQB1,04:01,181,7534,0.02402442261746748
Others,DQB1,04:02,184,7534,0.024422617467480753
Others,DQB1,05:01,747,7534,0.09915051765330501
Others,DQB1,05:02,758,7534,0.10061056543668702
Others,DQB1,05:03,330,7534,0.04380143350146005
Others,DQB1,05:04,2,7534,0.0002654632333421821
Others,DQB1,05:CAVTE,3,7534,0.00039819485001327314
Others,DQB1,06:01,607,7534,0.08056809131935228
Others,DQB1,06:02,359,7534,0.04765065038492169
Others,DQB1,06:03,223,7534,0.029599150517653303
Others,DQB1,06:04,141,7534,0.01871515795062384
Others,DQB1,06:09,101,7534,0.013405893283780196
Others,DQB1,06:10,11,7534,0.0014600477833820015
Others,DQB1,06:74,2,7534,0.0002654632333421821
Others,DQB1,06:BYFKE,1,7534,0.00013273161667109106
Others,DRB1,01:01,216,7534,0.02867002920095567
Others,DRB1,01:02,54,7534,0.007167507300238917
Others,DRB1,01:03,14,7534,0.0018582426333952748
Others,DRB1,03:01,555,7534,0.07366604725245554
Others,DRB1,03:02,9,7534,0.0011945845500398195
Others,DRB1,04:01,182,7534,0.024157154234138573
Others,DRB1,04:02,33,7534,0.004380143350146005
Others,DRB1,04:03,221,7534,0.029333687284311124
Others,DRB1,04:04,99,7534,0.013140430050438015
Others,DRB1,04:05,310,7534,0.041146801168038226
Others,DRB1,04:06,90,7534,0.011945845500398195
Others,DRB1,04:07,33,7534,0.004380143350146005
Others,DRB1,04:08,14,7534,0.0018582426333952748
Others,DRB1,04:10,14,7534,0.0018582426333952748
Others,DRB1,07:01,719,7534,0.09543403238651446
Others,DRB1,07:BMSUC,1,7534,0.00013273161667109106
Others,DRB1,08:01,56,7534,0.007432970533581099
Others,DRB1,08:02,24,7534,0.003185558800106185
Others,DRB1,08:03,206,7534,0.027342713034244757
Others,DRB1,08:04,11,7534,0.0014600477833820015
Others,DRB1,08:06,3,7534,0.00039819485001327314
Others,DRB1,08:09,10,7534,0.0013273161667109105
Others,DRB1,08:10,1,7534,0.00013273161667109106
Others,DRB1,08:12,2,7534,0.0002654632333421821
Others,DRB1,08:18,2,7534,0.0002654632333421821
Others,DRB1,09:01,372,7534,0.04937616140164587
Others,DRB1,09:DZUU,1,7534,0.00013273161667109106
Others,DRB1,10:01,154,7534,0.020440668967348023
Others,DRB1,11:01,352,7534,0.04672152906822405
Others,DRB1,11:02,8,7534,0.0010618529333687285
Others,DRB1,11:03,15,7534,0.001990974250066366
Others,DRB1,11:04,76,7534,0.01008760286700292
Others,DRB1,11:05,2,7534,0.0002654632333421821
Others,DRB1,11:06,36,7534,0.004778338200159278
Others,DRB1,11:08,2,7534,0.0002654632333421821
Others,DRB1,11:11,5,7534,0.0006636580833554553
Others,DRB1,11:14,1,7534,0.00013273161667109106
Others,DRB1,11:17,1,7534,0.00013273161667109106
Others,DRB1,11:19,1,7534,0.00013273161667109106
Others,DRB1,11:66,2,7534,0.0002654632333421821
Others,DRB1,12:01,95,7534,0.01260950358375365
Others,DRB1,12:02,950,7534,0.1260950358375365
Others,DRB1,13:01,215,7534,0.028537297584284575
Others,DRB1,13:02,246,7534,0.0326519777010884
Others,DRB1,13:03,23,7534,0.003052827183435094
Others,DRB1,13:05,6,7534,0.0007963897000265463
Others,DRB1,13:07,1,7534,0.00013273161667109106
Others,DRB1,13:12,18,7534,0.002389169100079639
Others,DRB1,13:13,2,7534,0.0002654632333421821
Others,DRB1,14:01,159,7534,0.02110432705070348
Others,DRB1,14:02,3,7534,0.00039819485001327314
Others,DRB1,14:03,7,7534,0.0009291213166976374
Others,DRB1,14:04,125,7534,0.01659145208388638
Others,DRB1,14:05,37,7534,0.004911069816830369
Others,DRB1,14:06,6,7534,0.0007963897000265463
Others,DRB1,14:07,6,7534,0.0007963897000265463
Others,DRB1,14:08,1,7534,0.00013273161667109106
Others,DRB1,14:10,8,7534,0.0010618529333687285
Others,DRB1,14:11,1,7534,0.00013273161667109106
Others,DRB1,14:15,5,7534,0.0006636580833554553
Others,DRB1,14:16,1,7534,0.00013273161667109106
Others,DRB1,14:18,3,7534,0.00039819485001327314
Others,DRB1,14:19,2,7534,0.0002654632333421821
Others,DRB1,14:54,2,7534,0.0002654632333421821
Others,DRB1,15:01,598,7534,0.07937350676931244
Others,DRB1,15:02,914,7534,0.12131669763737722
Others,DRB1,15:03,6,7534,0.0007963897000265463
Others,DRB1,15:04,15,7534,0.001990974250066366
Others,DRB1,15:06,15,7534,0.001990974250066366
Others,DRB1,15:14,6,7534,0.0007963897000265463
Others,DRB1,15:BFBXD,3,7534,0.00039819485001327314
Others,DRB1,16:01,39,7534,0.0051765330501725515
Others,DRB1,16:02,109,7534,0.014467746217148926
Others,HLA-A,01:01,565,7534,0.07499336341916644
Others,HLA-A,01:03,7,7534,0.0009291213166976374
Others,HLA-A,02:01,916,7534,0.12158216087071941
Others,HLA-A,02:02,4,7534,0.0005309264666843643
Others,HLA-A,02:03,179,7534,0.023758959384125297
Others,HLA-A,02:05,37,7534,0.004911069816830369
Others,HLA-A,02:06,173,7534,0.022962569684098752
Others,HLA-A,02:07,207,7534,0.027475444650915847
Others,HLA-A,02:10,2,7534,0.0002654632333421821
Others,HLA-A,02:11,68,7534,0.009025749933634192
Others,HLA-A,02:16,5,7534,0.0006636580833554553
Others,HLA-A,02:17,3,7534,0.00039819485001327314
Others,HLA-A,02:20,1,7534,0.00013273161667109106
Others,HLA-A,02:205,1,7534,0.00013273161667109106
Others,HLA-A,02:22,2,7534,0.0002654632333421821
Others,HLA-A,02:380,1,7534,0.00013273161667109106
Others,HLA-A,02:A,1,7534,0.00013273161667109106
Others,HLA-A,02:ACKBY,1,7534,0.00013273161667109106
Others,HLA-A,02:BKSXJ,1,7534,0.00013273161667109106
Others,HLA-A,02:CAVH,1,7534,0.00013273161667109106
Others,HLA-A,03:01,348,7534,0.04619060260153968
Others,HLA-A,03:02,18,7534,0.002389169100079639
Others,HLA-A,11:01,1171,7534,0.15542872312184763
Others,HLA-A,11:02,80,7534,0.010618529333687284
Others,HLA-A,11:03,13,7534,0.0017255110167241838
Others,HLA-A,11:04,8,7534,0.0010618529333687285
Others,HLA-A,11:233,1,7534,0.00013273161667109106
Others,HLA-A,11:XX,1,7534,0.00013273161667109106
Others,HLA-A,23:01,69,7534,0.009158481550305284
Others,HLA-A,24:02,1137,7534,0.15091584815503054
Others,HLA-A,24:03,35,7534,0.004645606583488187
Others,HLA-A,24:05,1,7534,0.00013273161667109106
Others,HLA-A,24:07,469,7534,0.0622511282187417
Others,HLA-A,24:08,1,7534,0.00013273161667109106
Others,HLA-A,24:10,58,7534,0.007698433766923281
Others,HLA-A,24:17,6,7534,0.0007963897000265463
Others,HLA-A,24:20,1,7534,0.00013273161667109106
Others,HLA-A,24:33,1,7534,0.00013273161667109106
Others,HLA-A,24:CAVJJ,3,7534,0.00039819485001327314
Others,HLA-A,25:01,44,7534,0.005840191133528006
Others,HLA-A,25:04,1,7534,0.00013273161667109106
Others,HLA-A,26:01,212,7534,0.028139102734271303
Others,HLA-A,26:02,6,7534,0.0007963897000265463
Others,HLA-A,26:03,7,7534,0.0009291213166976374
Others,HLA-A,26:08,2,7534,0.0002654632333421821
Others,HLA-A,29:01,52,7534,0.006902044066896735
Others,HLA-A,29:02,71,7534,0.009423944783647465
Others,HLA-A,30:01,69,7534,0.009158481550305284
Others,HLA-A,30:02,31,7534,0.004114680116803823
Others,HLA-A,30:04,9,7534,0.0011945845500398195
Others,HLA-A,31:01,151,7534,0.02004247411733475
Others,HLA-A,31:06,2,7534,0.0002654632333421821
Others,HLA-A,31:12,1,7534,0.00013273161667109106
Others,HLA-A,31:16,1,7534,0.00013273161667109106
Others,HLA-A,32:01,125,7534,0.01659145208388638
Others,HLA-A,32:04,1,7534,0.00013273161667109106
Others,HLA-A,32:64,1,7534,0.00013273161667109106
Others,HLA-A,33:01,28,7534,0.0037164852667905496
Others,HLA-A,33:03,579,7534,0.07685160605256172
Others,HLA-A,33:05,2,7534,0.0002654632333421821
Others,HLA-A,33:65,1,7534,0.00013273161667109106
Others,HLA-A,33:CAUVS,1,7534,0.00013273161667109106
Others,HLA-A,34:01,325,7534,0.043137775418104596
Others,HLA-A,34:02,9,7534,0.0011945845500398195
Others,HLA-A,34:05,10,7534,0.0013273161667109105
Others,HLA-A,34:GWR,2,7534,0.0002654632333421821
Others,HLA-A,36:01,1,7534,0.00013273161667109106
Others,HLA-A,66:01,16,7534,0.002123705866737457
Others,HLA-A,68:01,123,7534,0.0163259888505442
Others,HLA-A,68:02,28,7534,0.0037164852667905496
Others,HLA-A,68:03,1,7534,0.00013273161667109106
Others,HLA-A,68:05,1,7534,0.00013273161667109106
Others,HLA-A,68:172,2,7534,0.0002654632333421821
Others,HLA-A,68:50,1,7534,0.00013273161667109106
Others,HLA-A,69:01,4,7534,0.0005309264666843643
Others,HLA-A,74:01,16,7534,0.002123705866737457
Others,HLA-A,74:05,1,7534,0.00013273161667109106
Others,HLA-A,80:01,1,7534,0.00013273161667109106
Others,HLA-B,07:02,352,7534,0.04672152906822405
Others,HLA-B,07:05,138,7534,0.018316963100610567
Others,HLA-B,08:01,305,7534,0.040483143084682774
Others,HLA-B,13:01,204,7534,0.027077249800902575
Others,HLA-B,13:02,88,7534,0.011680382267056012
Others,HLA-B,14:01,25,7534,0.0033182904167772765
Others,HLA-B,14:02,72,7534,0.009556676400318556
Others,HLA-B,14:03,1,7534,0.00013273161667109106
Others,HLA-B,15:01,214,7534,0.028404565967613486
Others,HLA-B,15:02,386,7534,0.05123440403504115
Others,HLA-B,15:03,6,7534,0.0007963897000265463
Others,HLA-B,15:05,13,7534,0.0017255110167241838
Others,HLA-B,15:06,7,7534,0.0009291213166976374
Others,HLA-B,15:07,10,7534,0.0013273161667109105
Others,HLA-B,15:08,4,7534,0.0005309264666843643
Others,HLA-B,15:09,2,7534,0.0002654632333421821
Others,HLA-B,15:10,6,7534,0.0007963897000265463
Others,HLA-B,15:11,15,7534,0.001990974250066366
Others,HLA-B,15:12,18,7534,0.002389169100079639
Others,HLA-B,15:13,120,7534,0.015927794000530928
Others,HLA-B,15:141,2,7534,0.0002654632333421821
Others,HLA-B,15:16,6,7534,0.0007963897000265463
Others,HLA-B,15:17,36,7534,0.004778338200159278
Others,HLA-B,15:18,35,7534,0.004645606583488187
Others,HLA-B,15:21,152,7534,0.02017520573400584
Others,HLA-B,15:24,1,7534,0.00013273161667109106
Others,HLA-B,15:25,73,7534,0.009689408016989648
Others,HLA-B,15:27,13,7534,0.0017255110167241838
Others,HLA-B,15:32,35,7534,0.004645606583488187
Others,HLA-B,15:35,135,7534,0.01791876825059729
Others,HLA-B,15:38,1,7534,0.00013273161667109106
Others,HLA-B,15:39,2,7534,0.0002654632333421821
Others,HLA-B,15:56,1,7534,0.00013273161667109106
Others,HLA-B,15:CAVKV,2,7534,0.0002654632333421821
Others,HLA-B,18:01,248,7534,0.03291744093443058
Others,HLA-B,18:02,38,7534,0.00504380143350146
Others,HLA-B,18:05,1,7534,0.00013273161667109106
Others,HLA-B,27:02,5,7534,0.0006636580833554553
Others,HLA-B,27:04,57,7534,0.00756570215025219
Others,HLA-B,27:05,88,7534,0.011680382267056012
Others,HLA-B,27:06,75,7534,0.009954871250331829
Others,HLA-B,27:07,6,7534,0.0007963897000265463
Others,HLA-B,35:01,230,7534,0.03052827183435094
Others,HLA-B,35:02,26,7534,0.0034510220334483675
Others,HLA-B,35:03,141,7534,0.01871515795062384
Others,HLA-B,35:05,253,7534,0.03358109901778604
Others,HLA-B,35:08,16,7534,0.002123705866737457
Others,HLA-B,35:12,1,7534,0.00013273161667109106
Others,HLA-B,35:20,2,7534,0.0002654632333421821
Others,HLA-B,35:24,1,7534,0.00013273161667109106
Others,HLA-B,35:30,20,7534,0.002654632333421821
Others,HLA-B,35:43,1,7534,0.00013273161667109106
Others,HLA-B,37:01,82,7534,0.010883992567029467
Others,HLA-B,37:54,2,7534,0.0002654632333421821
Others,HLA-B,38:01,54,7534,0.007167507300238917
Others,HLA-B,38:02,305,7534,0.040483143084682774
Others,HLA-B,38:64,1,7534,0.00013273161667109106
Others,HLA-B,38:CAVM,1,7534,0.00013273161667109106
Others,HLA-B,39:01,63,7534,0.008362091850278737
Others,HLA-B,39:04,1,7534,0.00013273161667109106
Others,HLA-B,39:05,3,7534,0.00039819485001327314
Others,HLA-B,39:06,13,7534,0.0017255110167241838
Others,HLA-B,39:09,8,7534,0.0010618529333687285
Others,HLA-B,39:10,1,7534,0.00013273161667109106
Others,HLA-B,39:15,5,7534,0.0006636580833554553
Others,HLA-B,39:23,1,7534,0.00013273161667109106
Others,HLA-B,39:24,3,7534,0.00039819485001327314
Others,HLA-B,40:01,510,7534,0.06769312450225644
Others,HLA-B,40:02,158,7534,0.020971595434032386
Others,HLA-B,40:03,1,7534,0.00013273161667109106
Others,HLA-B,40:06,132,7534,0.01752057340058402
Others,HLA-B,40:10,11,7534,0.0014600477833820015
Others,HLA-B,40:11,1,7534,0.00013273161667109106
Others,HLA-B,40:12,1,7534,0.00013273161667109106
Others,HLA-B,40:23,1,7534,0.00013273161667109106
Others,HLA-B,40:26,1,7534,0.00013273161667109106
Others,HLA-B,40:50,1,7534,0.00013273161667109106
Others,HLA-B,40:CAVMH,1,7534,0.00013273161667109106
Others,HLA-B,40:CAVMJ,1,7534,0.00013273161667109106
Others,HLA-B,41:01,24,7534,0.003185558800106185
Others,HLA-B,41:02,14,7534,0.0018582426333952748
Others,HLA-B,42:01,4,7534,0.0005309264666843643
Others,HLA-B,42:02,2,7534,0.0002654632333421821
Others,HLA-B,44:02,193,7534,0.025617202017520574
Others,HLA-B,44:03,316,7534,0.04194319086806477
Others,HLA-B,44:05,4,7534,0.0005309264666843643
Others,HLA-B,44:29,2,7534,0.0002654632333421821
Others,HLA-B,44:BZEGX,1,7534,0.00013273161667109106
Others,HLA-B,45:01,16,7534,0.002123705866737457
Others,HLA-B,46:01,228,7534,0.03026280860100876
Others,HLA-B,47:01,4,7534,0.0005309264666843643
Others,HLA-B,48:01,79,7534,0.010485797717016193
Others,HLA-B,48:03,5,7534,0.0006636580833554553
Others,HLA-B,48:04,1,7534,0.00013273161667109106
Others,HLA-B,49:01,40,7534,0.005309264666843642
Others,HLA-B,50:01,61,7534,0.008096628616936554
Others,HLA-B,50:02,1,7534,0.00013273161667109106
Others,HLA-B,51:01,374,7534,0.04964162463498806
Others,HLA-B,51:02,64,7534,0.008494823466949828
Others,HLA-B,51:06,38,7534,0.00504380143350146
Others,HLA-B,51:07,3,7534,0.00039819485001327314
Others,HLA-B,51:08,4,7534,0.0005309264666843643
Others,HLA-B,51:19,1,7534,0.00013273161667109106
Others,HLA-B,51:BCZHE,1,7534,0.00013273161667109106
Others,HLA-B,52:01,199,7534,0.02641359171754712
Others,HLA-B,53:01,21,7534,0.002787363950092912
Others,HLA-B,54:01,72,7534,0.009556676400318556
Others,HLA-B,55:01,94,7534,0.01247677196708256
Others,HLA-B,55:02,65,7534,0.008627555083620918
Others,HLA-B,55:04,1,7534,0.00013273161667109106
Others,HLA-B,55:12,1,7534,0.00013273161667109106
Others,HLA-B,56:01,42,7534,0.005574727900185824
Others,HLA-B,56:03,1,7534,0.00013273161667109106
Others,HLA-B,56:04,14,7534,0.0018582426333952748
Others,HLA-B,57:01,175,7534,0.023228032917440935
Others,HLA-B,57:02,1,7534,0.00013273161667109106
Others,HLA-B,57:03,2,7534,0.0002654632333421821
Others,HLA-B,57:04,1,7534,0.00013273161667109106
Others,HLA-B,58:01,289,7534,0.03835943721794532
Others,HLA-B,58:02,2,7534,0.0002654632333421821
Others,HLA-B,59:01,7,7534,0.0009291213166976374
Others,HLA-B,67:01,7,7534,0.0009291213166976374
Others,HLA-B,73:01,6,7534,0.0007963897000265463
Others,HLA-B,81:01,3,7534,0.00039819485001327314
Others,HLA-C,01:02,493,7534,0.06543668701884789
Others,HLA-C,01:03,9,7534,0.0011945845500398195
Others,HLA-C,01:06,1,7534,0.00013273161667109106
Others,HLA-C,02:02,104,7534,0.01380408813379347
Others,HLA-C,02:10,4,7534,0.0005309264666843643
Others,HLA-C,03:02,287,7534,0.03809397398460313
Others,HLA-C,03:03,293,7534,0.03889036368462968
Others,HLA-C,03:04,483,7534,0.06410937085213698
Others,HLA-C,03:05,3,7534,0.00039819485001327314
Others,HLA-C,03:17,1,7534,0.00013273161667109106
Others,HLA-C,03:193,1,7534,0.00013273161667109106
Others,HLA-C,03:258,1,7534,0.00013273161667109106
Others,HLA-C,03:310,1,7534,0.00013273161667109106
Others,HLA-C,03:37,1,7534,0.00013273161667109106
Others,HLA-C,03:38,1,7534,0.00013273161667109106
Others,HLA-C,03:85,1,7534,0.00013273161667109106
Others,HLA-C,03:CAVNN,1,7534,0.00013273161667109106
Others,HLA-C,04:01,845,7534,0.11215821608707194
Others,HLA-C,04:03,263,7534,0.03490841518449695
Others,HLA-C,04:04,1,7534,0.00013273161667109106
Others,HLA-C,04:06,42,7534,0.005574727900185824
Others,HLA-C,04:10,3,7534,0.00039819485001327314
Others,HLA-C,04:AKWXK,3,7534,0.00039819485001327314
Others,HLA-C,04:BCZH,2,7534,0.0002654632333421821
Others,HLA-C,04:BCZHN,3,7534,0.00039819485001327314
Others,HLA-C,04:CAVNU,2,7534,0.0002654632333421821
Others,HLA-C,04:JKTU,3,7534,0.00039819485001327314
Others,HLA-C,05:01,200,7534,0.026546323334218212
Others,HLA-C,06:02,429,7534,0.056941863551898064
Others,HLA-C,06:86,1,7534,0.00013273161667109106
Others,HLA-C,07:01,574,7534,0.07618794796920626
Others,HLA-C,07:02,1260,7534,0.16724183700557474
Others,HLA-C,07:04,193,7534,0.025617202017520574
Others,HLA-C,07:06,1,7534,0.00013273161667109106
Others,HLA-C,07:26,2,7534,0.0002654632333421821
Others,HLA-C,07:27,10,7534,0.0013273161667109105
Others,HLA-C,07:CAVPC,1,7534,0.00013273161667109106
Others,HLA-C,07:CAVPF,2,7534,0.0002654632333421821
Others,HLA-C,07:XX,1,7534,0.00013273161667109106
Others,HLA-C,08:01,635,7534,0.08428457658614281
Others,HLA-C,08:02,98,7534,0.013007698433766923
Others,HLA-C,08:03,12,7534,0.0015927794000530925
Others,HLA-C,08:06,1,7534,0.00013273161667109106
Others,HLA-C,08:16,1,7534,0.00013273161667109106
Others,HLA-C,12:02,251,7534,0.03331563578444385
Others,HLA-C,12:03,221,7534,0.029333687284311124
Others,HLA-C,12:04,33,7534,0.004380143350146005
Others,HLA-C,12:05,2,7534,0.0002654632333421821
Others,HLA-C,12:09,2,7534,0.0002654632333421821
Others,HLA-C,12:64,1,7534,0.00013273161667109106
Others,HLA-C,14:02,202,7534,0.02681178656756039
Others,HLA-C,14:03,26,7534,0.0034510220334483675
Others,HLA-C,15:02,289,7534,0.03835943721794532
Others,HLA-C,15:04,4,7534,0.0005309264666843643
Others,HLA-C,15:05,57,7534,0.00756570215025219
Others,HLA-C,15:07,2,7534,0.0002654632333421821
Others,HLA-C,16:01,74,7534,0.009822139633660737
Others,HLA-C,16:02,47,7534,0.00623838598354128
Others,HLA-C,16:04,6,7534,0.0007963897000265463
Others,HLA-C,17:01,40,7534,0.005309264666843642
Others,HLA-C,18:01,4,7534,0.0005309264666843643
